timestamp,BTCDOM
2023-12-15 00:00:00,2145.4
2023-12-15 04:00:00,2150.5
2023-12-15 08:00:00,2144.6
2023-12-15 12:00:00,2140.8
2023-12-15 16:00:00,2142.2
2023-12-15 20:00:00,2166.0
2023-12-16 00:00:00,2156.1
2023-12-16 04:00:00,2152.8
2023-12-16 08:00:00,2146.3
2023-12-16 12:00:00,2153.6
2023-12-16 16:00:00,2163.3
2023-12-16 20:00:00,2161.5
2023-12-17 00:00:00,2153.8
2023-12-17 04:00:00,2169.8
2023-12-17 08:00:00,2162.2
2023-12-17 12:00:00,2152.9
2023-12-17 16:00:00,2158.8
2023-12-17 20:00:00,2160.2
2023-12-18 00:00:00,2170.5
2023-12-18 04:00:00,2184.2
2023-12-18 08:00:00,2206.3
2023-12-18 12:00:00,2197.1
2023-12-18 16:00:00,2194.5
2023-12-18 20:00:00,2197.9
2023-12-19 00:00:00,2204.3
2023-12-19 04:00:00,2194.3
2023-12-19 08:00:00,2202.2
2023-12-19 12:00:00,2212.8
2023-12-19 16:00:00,2213.1
2023-12-19 20:00:00,2212.2
2023-12-20 00:00:00,2208.7
2023-12-20 04:00:00,2206.1
2023-12-20 08:00:00,2205.4
2023-12-20 12:00:00,2225.6
2023-12-20 16:00:00,2239.0
2023-12-20 20:00:00,2237.7
2023-12-21 00:00:00,2235.7
2023-12-21 04:00:00,2223.3
2023-12-21 08:00:00,2199.0
2023-12-21 12:00:00,2207.2
2023-12-21 16:00:00,2181.2
2023-12-21 20:00:00,2174.8
2023-12-22 00:00:00,2171.6
2023-12-22 04:00:00,2155.5
2023-12-22 08:00:00,2132.6
2023-12-22 12:00:00,2122.0
2023-12-22 16:00:00,2125.4
2023-12-22 20:00:00,2126.2
2023-12-23 00:00:00,2157.8
2023-12-23 04:00:00,2149.0
2023-12-23 08:00:00,2144.0
2023-12-23 12:00:00,2147.7
2023-12-23 16:00:00,2132.5
2023-12-23 20:00:00,2110.8
2023-12-24 00:00:00,2099.9
2023-12-24 04:00:00,2109.7
2023-12-24 08:00:00,2112.8
2023-12-24 12:00:00,2106.7
2023-12-24 16:00:00,2102.1
2023-12-24 20:00:00,2104.2
2023-12-25 00:00:00,2100.6
2023-12-25 04:00:00,2096.3
2023-12-25 08:00:00,2091.8
2023-12-25 12:00:00,2092.3
2023-12-25 16:00:00,2092.5
2023-12-25 20:00:00,2096.2
2023-12-26 00:00:00,2091.6
2023-12-26 04:00:00,2093.3
2023-12-26 08:00:00,2071.2
2023-12-26 12:00:00,2069.6
2023-12-26 16:00:00,2077.3
2023-12-26 20:00:00,2066.0
2023-12-27 00:00:00,2081.1
2023-12-27 04:00:00,2072.8
2023-12-27 08:00:00,2049.0
2023-12-27 12:00:00,2018.1
2023-12-27 16:00:00,2017.3
2023-12-27 20:00:00,2012.3
2023-12-28 00:00:00,1989.5
2023-12-28 04:00:00,1987.8
2023-12-28 08:00:00,1973.3
2023-12-28 12:00:00,1988.6
2023-12-28 16:00:00,1985.5
2023-12-28 20:00:00,2002.1
2023-12-29 00:00:00,2001.3
2023-12-29 04:00:00,2002.9
2023-12-29 08:00:00,1996.1
2023-12-29 12:00:00,2002.6
2023-12-29 16:00:00,1998.7
2023-12-29 20:00:00,2009.0
2023-12-30 00:00:00,2006.9
2023-12-30 04:00:00,2002.5
2023-12-30 08:00:00,2010.6
2023-12-30 12:00:00,2008.8
2023-12-30 16:00:00,2020.0
2023-12-30 20:00:00,2019.4
2023-12-31 00:00:00,2028.2
2023-12-31 04:00:00,2022.5
2023-12-31 08:00:00,2018.2
2023-12-31 12:00:00,2024.2
2023-12-31 16:00:00,2029.3
2023-12-31 20:00:00,2034.3
2024-01-01 00:00:00,2043.1
2024-01-01 04:00:00,2038.4
2024-01-01 08:00:00,2035.2
2024-01-01 12:00:00,2024.4
2024-01-01 16:00:00,2036.1
2024-01-01 20:00:00,2057.3
2024-01-02 00:00:00,2087.4
2024-01-02 04:00:00,2088.3
2024-01-02 08:00:00,2084.2
2024-01-02 12:00:00,2112.2
2024-01-02 16:00:00,2101.0
2024-01-02 20:00:00,2108.5
2024-01-03 00:00:00,2111.1
2024-01-03 04:00:00,2094.6
2024-01-03 08:00:00,2082.0
2024-01-03 12:00:00,2126.0
2024-01-03 16:00:00,2139.4
2024-01-03 20:00:00,2141.7
2024-01-04 00:00:00,2135.9
2024-01-04 04:00:00,2131.4
2024-01-04 08:00:00,2146.5
2024-01-04 12:00:00,2141.7
2024-01-04 16:00:00,2139.9
2024-01-04 20:00:00,2152.6
2024-01-05 00:00:00,2153.4
2024-01-05 04:00:00,2164.0
2024-01-05 08:00:00,2178.9
2024-01-05 12:00:00,2189.9
2024-01-05 16:00:00,2188.3
2024-01-05 20:00:00,2185.3
2024-01-06 00:00:00,2193.0
2024-01-06 04:00:00,2216.7
2024-01-06 08:00:00,2209.3
2024-01-06 12:00:00,2206.7
2024-01-06 16:00:00,2215.9
2024-01-06 20:00:00,2225.9
2024-01-07 00:00:00,2223.6
2024-01-07 04:00:00,2215.0
2024-01-07 08:00:00,2230.1
2024-01-07 12:00:00,2235.5
2024-01-07 16:00:00,2237.6
2024-01-07 20:00:00,2265.7
2024-01-08 00:00:00,2289.4
2024-01-08 04:00:00,2268.0
2024-01-08 08:00:00,2279.5
2024-01-08 12:00:00,2265.3
2024-01-08 16:00:00,2282.9
2024-01-08 20:00:00,2298.1
2024-01-09 00:00:00,2318.5
2024-01-09 04:00:00,2304.7
2024-01-09 08:00:00,2308.7
2024-01-09 12:00:00,2362.8
2024-01-09 16:00:00,2352.4
2024-01-09 20:00:00,2272.9
2024-01-10 00:00:00,2263.1
2024-01-10 04:00:00,2251.6
2024-01-10 08:00:00,2217.8
2024-01-10 12:00:00,2208.1
2024-01-10 16:00:00,2223.1
2024-01-10 20:00:00,2132.4
2024-01-11 00:00:00,2107.2
2024-01-11 04:00:00,2107.8
2024-01-11 08:00:00,2089.4
2024-01-11 12:00:00,2115.2
2024-01-11 16:00:00,2106.8
2024-01-11 20:00:00,2097.8
2024-01-12 00:00:00,2098.0
2024-01-12 04:00:00,2093.7
2024-01-12 08:00:00,2064.8
2024-01-12 12:00:00,2017.6
2024-01-12 16:00:00,2011.5
2024-01-12 20:00:00,2022.3
2024-01-13 00:00:00,2005.6
2024-01-13 04:00:00,2016.7
2024-01-13 08:00:00,2003.4
2024-01-13 12:00:00,2011.9
2024-01-13 16:00:00,1989.0
2024-01-13 20:00:00,1983.5
2024-01-14 00:00:00,1988.5
2024-01-14 04:00:00,1999.2
2024-01-14 08:00:00,2001.0
2024-01-14 12:00:00,1998.1
2024-01-14 16:00:00,2015.8
2024-01-14 20:00:00,1996.9
2024-01-15 00:00:00,2003.8
2024-01-15 04:00:00,2004.7
2024-01-15 08:00:00,1989.5
2024-01-15 12:00:00,1994.2
2024-01-15 16:00:00,2002.6
2024-01-15 20:00:00,1999.9
2024-01-16 00:00:00,2001.3
2024-01-16 04:00:00,2000.9
2024-01-16 08:00:00,2004.6
2024-01-16 12:00:00,2005.1
2024-01-16 16:00:00,1996.8
2024-01-16 20:00:00,1991.0
2024-01-17 00:00:00,1981.2
2024-01-17 04:00:00,1989.4
2024-01-17 08:00:00,1985.4
2024-01-17 12:00:00,1984.3
2024-01-17 16:00:00,1992.4
2024-01-17 20:00:00,1999.7
2024-01-18 00:00:00,1997.1
2024-01-18 04:00:00,2001.9
2024-01-18 08:00:00,2001.2
2024-01-18 12:00:00,2003.9
2024-01-18 16:00:00,2000.5
2024-01-18 20:00:00,1990.4
2024-01-19 00:00:00,1991.0
2024-01-19 04:00:00,1993.8
2024-01-19 08:00:00,1988.1
2024-01-19 12:00:00,1988.7
2024-01-19 16:00:00,2004.1
2024-01-19 20:00:00,1993.2
2024-01-20 00:00:00,1997.4
2024-01-20 04:00:00,1999.1
2024-01-20 08:00:00,1999.4
2024-01-20 12:00:00,2007.3
2024-01-20 16:00:00,2007.9
2024-01-20 20:00:00,1997.0
2024-01-21 00:00:00,1994.6
2024-01-21 04:00:00,1994.9
2024-01-21 08:00:00,1996.6
2024-01-21 12:00:00,1998.5
2024-01-21 16:00:00,1997.8
2024-01-21 20:00:00,2009.8
2024-01-22 00:00:00,2008.1
2024-01-22 04:00:00,2010.5
2024-01-22 08:00:00,2029.2
2024-01-22 12:00:00,2031.2
2024-01-22 16:00:00,2030.1
2024-01-22 20:00:00,2021.6
2024-01-23 00:00:00,2020.1
2024-01-23 04:00:00,2032.1
2024-01-23 08:00:00,2067.6
2024-01-23 12:00:00,2077.2
2024-01-23 16:00:00,2099.8
2024-01-23 20:00:00,2086.5
2024-01-24 00:00:00,2094.0
2024-01-24 04:00:00,2095.4
2024-01-24 08:00:00,2093.5
2024-01-24 12:00:00,2095.7
2024-01-24 16:00:00,2101.0
2024-01-24 20:00:00,2091.7
2024-01-25 00:00:00,2103.3
2024-01-25 04:00:00,2099.6
2024-01-25 08:00:00,2095.7
2024-01-25 12:00:00,2114.7
2024-01-25 16:00:00,2098.7
2024-01-25 20:00:00,2100.8
2024-01-26 00:00:00,2098.5
2024-01-26 04:00:00,2111.1
2024-01-26 08:00:00,2118.6
2024-01-26 12:00:00,2122.3
2024-01-26 16:00:00,2150.0
2024-01-26 20:00:00,2134.5
2024-01-27 00:00:00,2125.1
2024-01-27 04:00:00,2137.0
2024-01-27 08:00:00,2132.6
2024-01-27 12:00:00,2129.7
2024-01-27 16:00:00,2129.9
2024-01-27 20:00:00,2140.1
2024-01-28 00:00:00,2126.5
2024-01-28 04:00:00,2141.5
2024-01-28 08:00:00,2140.6
2024-01-28 12:00:00,2143.6
2024-01-28 16:00:00,2137.1
2024-01-28 20:00:00,2142.2
2024-01-29 00:00:00,2141.3
2024-01-29 04:00:00,2140.0
2024-01-29 08:00:00,2142.7
2024-01-29 12:00:00,2146.6
2024-01-29 16:00:00,2145.2
2024-01-29 20:00:00,2143.0
2024-01-30 00:00:00,2156.7
2024-01-30 04:00:00,2149.8
2024-01-30 08:00:00,2149.3
2024-01-30 12:00:00,2132.5
2024-01-30 16:00:00,2125.8
2024-01-30 20:00:00,2126.5
2024-01-31 00:00:00,2126.2
2024-01-31 04:00:00,2133.9
2024-01-31 08:00:00,2147.1
2024-01-31 12:00:00,2158.9
2024-01-31 16:00:00,2160.7
2024-01-31 20:00:00,2167.3
2024-02-01 00:00:00,2161.6
2024-02-01 04:00:00,2162.4
2024-02-01 08:00:00,2155.6
2024-02-01 12:00:00,2159.8
2024-02-01 16:00:00,2173.9
2024-02-01 20:00:00,2167.1
2024-02-02 00:00:00,2157.6
2024-02-02 04:00:00,2148.2
2024-02-02 08:00:00,2146.4
2024-02-02 12:00:00,2154.2
2024-02-02 16:00:00,2158.5
2024-02-02 20:00:00,2155.9
2024-02-03 00:00:00,2149.2
2024-02-03 04:00:00,2148.7
2024-02-03 08:00:00,2148.0
2024-02-03 12:00:00,2156.7
2024-02-03 16:00:00,2154.2
2024-02-03 20:00:00,2158.7
2024-02-04 00:00:00,2156.6
2024-02-04 04:00:00,2165.0
2024-02-04 08:00:00,2157.6
2024-02-04 12:00:00,2151.9
2024-02-04 16:00:00,2153.2
2024-02-04 20:00:00,2151.7
2024-02-05 00:00:00,2153.8
2024-02-05 04:00:00,2158.4
2024-02-05 08:00:00,2147.5
2024-02-05 12:00:00,2150.6
2024-02-05 16:00:00,2150.4
2024-02-05 20:00:00,2150.2
2024-02-06 00:00:00,2145.5
2024-02-06 04:00:00,2146.8
2024-02-06 08:00:00,2149.6
2024-02-06 12:00:00,2157.2
2024-02-06 16:00:00,2134.0
2024-02-06 20:00:00,2134.0
2024-02-07 00:00:00,2127.7
2024-02-07 04:00:00,2134.7
2024-02-07 08:00:00,2136.7
2024-02-07 12:00:00,2133.1
2024-02-07 16:00:00,2124.4
2024-02-07 20:00:00,2142.3
2024-02-08 00:00:00,2145.4
2024-02-08 04:00:00,2149.8
2024-02-08 08:00:00,2153.3
2024-02-08 12:00:00,2162.0
2024-02-08 16:00:00,2180.8
2024-02-08 20:00:00,2180.2
2024-02-09 00:00:00,2195.1
2024-02-09 04:00:00,2193.7
2024-02-09 08:00:00,2203.8
2024-02-09 12:00:00,2212.8
2024-02-09 16:00:00,2236.0
2024-02-09 20:00:00,2211.7
2024-02-10 00:00:00,2199.3
2024-02-10 04:00:00,2209.7
2024-02-10 08:00:00,2221.0
2024-02-10 12:00:00,2220.2
2024-02-10 16:00:00,2219.8
2024-02-10 20:00:00,2226.6
2024-02-11 00:00:00,2237.4
2024-02-11 04:00:00,2221.7
2024-02-11 08:00:00,2229.3
2024-02-11 12:00:00,2236.1
2024-02-11 16:00:00,2246.0
2024-02-11 20:00:00,2250.1
2024-02-12 00:00:00,2246.7
2024-02-12 04:00:00,2260.4
2024-02-12 08:00:00,2256.6
2024-02-12 12:00:00,2288.5
2024-02-12 16:00:00,2236.6
2024-02-12 20:00:00,2227.4
2024-02-13 00:00:00,2229.2
2024-02-13 04:00:00,2232.6
2024-02-13 08:00:00,2213.2
2024-02-13 12:00:00,2205.4
2024-02-13 16:00:00,2221.6
2024-02-13 20:00:00,2238.0
2024-02-14 00:00:00,2228.0
2024-02-14 04:00:00,2227.4
2024-02-14 08:00:00,2236.9
2024-02-14 12:00:00,2241.1
2024-02-14 16:00:00,2237.1
2024-02-14 20:00:00,2231.9
2024-02-15 00:00:00,2231.1
2024-02-15 04:00:00,2227.1
2024-02-15 08:00:00,2230.8
2024-02-15 12:00:00,2195.8
2024-02-15 16:00:00,2195.4
2024-02-15 20:00:00,2195.7
2024-02-16 00:00:00,2190.5
2024-02-16 04:00:00,2195.0
2024-02-16 08:00:00,2206.6
2024-02-16 12:00:00,2224.1
2024-02-16 16:00:00,2228.7
2024-02-16 20:00:00,2219.5
2024-02-17 00:00:00,2218.0
2024-02-17 04:00:00,2213.4
2024-02-17 08:00:00,2214.6
2024-02-17 12:00:00,2213.4
2024-02-17 16:00:00,2213.2
2024-02-17 20:00:00,2211.8
2024-02-18 00:00:00,2209.0
2024-02-18 04:00:00,2201.9
2024-02-18 08:00:00,2200.6
2024-02-18 12:00:00,2199.1
2024-02-18 16:00:00,2186.7
2024-02-18 20:00:00,2178.8
2024-02-19 00:00:00,2170.1
2024-02-19 04:00:00,2159.2
2024-02-19 08:00:00,2166.3
2024-02-19 12:00:00,2159.7
2024-02-19 16:00:00,2135.6
2024-02-19 20:00:00,2128.2
2024-02-20 00:00:00,2143.3
2024-02-20 04:00:00,2144.1
2024-02-20 08:00:00,2153.7
2024-02-20 12:00:00,2155.6
2024-02-20 16:00:00,2139.9
2024-02-20 20:00:00,2130.3
2024-02-21 00:00:00,2132.2
2024-02-21 04:00:00,2148.4
2024-02-21 08:00:00,2152.1
2024-02-21 12:00:00,2149.1
2024-02-21 16:00:00,2149.8
2024-02-21 20:00:00,2141.8
2024-02-22 00:00:00,2153.0
2024-02-22 04:00:00,2123.5
2024-02-22 08:00:00,2117.7
2024-02-22 12:00:00,2118.7
2024-02-22 16:00:00,2118.3
2024-02-22 20:00:00,2120.8
2024-02-23 00:00:00,2124.8
2024-02-23 04:00:00,2130.6
2024-02-23 08:00:00,2135.3
2024-02-23 12:00:00,2139.0
2024-02-23 16:00:00,2122.7
2024-02-23 20:00:00,2127.1
2024-02-24 00:00:00,2124.5
2024-02-24 04:00:00,2108.8
2024-02-24 08:00:00,2111.7
2024-02-24 12:00:00,2115.7
2024-02-24 16:00:00,2114.3
2024-02-24 20:00:00,2110.5
2024-02-25 00:00:00,2103.0
2024-02-25 04:00:00,2103.7
2024-02-25 08:00:00,2097.5
2024-02-25 12:00:00,2091.1
2024-02-25 16:00:00,2075.2
2024-02-25 20:00:00,2064.8
2024-02-26 00:00:00,2063.8
2024-02-26 04:00:00,2062.6
2024-02-26 08:00:00,2072.8
2024-02-26 12:00:00,2082.2
2024-02-26 16:00:00,2118.4
2024-02-26 20:00:00,2117.9
2024-02-27 00:00:00,2145.4
2024-02-27 04:00:00,2159.6
2024-02-27 08:00:00,2156.6
2024-02-27 12:00:00,2189.1
2024-02-27 16:00:00,2187.1
2024-02-27 20:00:00,2183.2
2024-02-28 00:00:00,2179.3
2024-02-28 04:00:00,2194.8
2024-02-28 08:00:00,2218.8
2024-02-28 12:00:00,2258.8
2024-02-28 16:00:00,2295.9
2024-02-28 20:00:00,2292.9
2024-02-29 00:00:00,2238.9
2024-02-29 04:00:00,2239.3
2024-02-29 08:00:00,2222.7
2024-02-29 12:00:00,2230.2
2024-02-29 16:00:00,2222.1
2024-02-29 20:00:00,2259.4
2024-03-01 00:00:00,2226.6
2024-03-01 04:00:00,2242.4
2024-03-01 08:00:00,2227.9
2024-03-01 12:00:00,2224.5
2024-03-01 16:00:00,2232.2
2024-03-01 20:00:00,2229.0
2024-03-02 00:00:00,2197.2
2024-03-02 04:00:00,2195.4
2024-03-02 08:00:00,2199.7
2024-03-02 12:00:00,2195.2
2024-03-02 16:00:00,2191.9
2024-03-02 20:00:00,2182.4
2024-03-03 00:00:00,2181.4
2024-03-03 04:00:00,2209.8
2024-03-03 08:00:00,2193.1
2024-03-03 12:00:00,2198.1
2024-03-03 16:00:00,2196.3
2024-03-03 20:00:00,2198.0
2024-03-04 00:00:00,2214.3
2024-03-04 04:00:00,2225.2
2024-03-04 08:00:00,2242.1
2024-03-04 12:00:00,2261.2
2024-03-04 16:00:00,2286.5
2024-03-04 20:00:00,2297.0
2024-03-05 00:00:00,2265.1
2024-03-05 04:00:00,2210.9
2024-03-05 08:00:00,2199.9
2024-03-05 12:00:00,2185.8
2024-03-05 16:00:00,2267.4
2024-03-05 20:00:00,2232.5
2024-03-06 00:00:00,2236.8
2024-03-06 04:00:00,2204.7
2024-03-06 08:00:00,2187.2
2024-03-06 12:00:00,2206.1
2024-03-06 16:00:00,2182.1
2024-03-06 20:00:00,2164.2
2024-03-07 00:00:00,2164.2
2024-03-07 04:00:00,2175.1
2024-03-07 08:00:00,2188.4
2024-03-07 12:00:00,2166.7
2024-03-07 16:00:00,2151.1
2024-03-07 20:00:00,2133.9
2024-03-08 00:00:00,2130.0
2024-03-08 04:00:00,2134.6
2024-03-08 08:00:00,2127.0
2024-03-08 12:00:00,2153.0
2024-03-08 16:00:00,2168.9
2024-03-08 20:00:00,2165.3
2024-03-09 00:00:00,2145.4
2024-03-09 04:00:00,2144.2
2024-03-09 08:00:00,2153.6
2024-03-09 12:00:00,2150.2
2024-03-09 16:00:00,2165.5
2024-03-09 20:00:00,2156.4
2024-03-10 00:00:00,2170.3
2024-03-10 04:00:00,2165.8
2024-03-10 08:00:00,2177.0
2024-03-10 12:00:00,2193.5
2024-03-10 16:00:00,2186.8
2024-03-10 20:00:00,2181.7
2024-03-11 00:00:00,2182.0
2024-03-11 04:00:00,2189.1
2024-03-11 08:00:00,2191.6
2024-03-11 12:00:00,2203.4
2024-03-11 16:00:00,2187.9
2024-03-11 20:00:00,2172.5
2024-03-12 00:00:00,2177.4
2024-03-12 04:00:00,2195.2
2024-03-12 08:00:00,2202.6
2024-03-12 12:00:00,2197.7
2024-03-12 16:00:00,2192.3
2024-03-12 20:00:00,2196.1
2024-03-13 00:00:00,2189.9
2024-03-13 04:00:00,2204.4
2024-03-13 08:00:00,2199.3
2024-03-13 12:00:00,2219.5
2024-03-13 16:00:00,2215.3
2024-03-13 20:00:00,2193.6
2024-03-14 00:00:00,2204.6
2024-03-14 04:00:00,2208.9
2024-03-14 08:00:00,2193.3
2024-03-14 12:00:00,2197.6
2024-03-14 16:00:00,2192.5
2024-03-14 20:00:00,2181.5
2024-03-15 00:00:00,2173.1
2024-03-15 04:00:00,2167.9
2024-03-15 08:00:00,2187.8
2024-03-15 12:00:00,2178.4
2024-03-15 16:00:00,2200.0
2024-03-15 20:00:00,2180.6
2024-03-16 00:00:00,2179.0
2024-03-16 04:00:00,2176.5
2024-03-16 08:00:00,2166.4
2024-03-16 12:00:00,2184.9
2024-03-16 16:00:00,2208.2
2024-03-16 20:00:00,2187.5
2024-03-17 00:00:00,2192.5
2024-03-17 04:00:00,2230.0
2024-03-17 08:00:00,2203.0
2024-03-17 12:00:00,2202.5
2024-03-17 16:00:00,2211.2
2024-03-17 20:00:00,2212.5
2024-03-18 00:00:00,2217.5
2024-03-18 04:00:00,2208.1
2024-03-18 08:00:00,2222.8
2024-03-18 12:00:00,2246.9
2024-03-18 16:00:00,2260.5
2024-03-18 20:00:00,2250.2
2024-03-19 00:00:00,2272.1
2024-03-19 04:00:00,2271.5
2024-03-19 08:00:00,2267.8
2024-03-19 12:00:00,2269.2
2024-03-19 16:00:00,2270.4
2024-03-19 20:00:00,2300.2
2024-03-20 00:00:00,2291.4
2024-03-20 04:00:00,2279.5
2024-03-20 08:00:00,2262.2
2024-03-20 12:00:00,2285.9
2024-03-20 16:00:00,2279.7
2024-03-20 20:00:00,2273.1
2024-03-21 00:00:00,2241.5
2024-03-21 04:00:00,2250.2
2024-03-21 08:00:00,2240.5
2024-03-21 12:00:00,2236.7
2024-03-21 16:00:00,2229.3
2024-03-21 20:00:00,2213.9
2024-03-22 00:00:00,2210.1
2024-03-22 04:00:00,2213.2
2024-03-22 08:00:00,2215.3
2024-03-22 12:00:00,2237.4
2024-03-22 16:00:00,2236.9
2024-03-22 20:00:00,2229.3
2024-03-23 00:00:00,2238.2
2024-03-23 04:00:00,2237.7
2024-03-23 08:00:00,2236.4
2024-03-23 12:00:00,2228.5
2024-03-23 16:00:00,2231.5
2024-03-23 20:00:00,2235.0
2024-03-24 00:00:00,2240.4
2024-03-24 04:00:00,2241.5
2024-03-24 08:00:00,2243.0
2024-03-24 12:00:00,2244.2
2024-03-24 16:00:00,2254.7
2024-03-24 20:00:00,2256.9
2024-03-25 00:00:00,2252.6
2024-03-25 04:00:00,2240.0
2024-03-25 08:00:00,2242.1
2024-03-25 12:00:00,2257.7
2024-03-25 16:00:00,2271.1
2024-03-25 20:00:00,2268.3
2024-03-26 00:00:00,2262.6
2024-03-26 04:00:00,2255.6
2024-03-26 08:00:00,2259.4
2024-03-26 12:00:00,2279.0
2024-03-26 16:00:00,2273.7
2024-03-26 20:00:00,2271.5
2024-03-27 00:00:00,2275.6
2024-03-27 04:00:00,2282.8
2024-03-27 08:00:00,2283.4
2024-03-27 12:00:00,2286.7
2024-03-27 16:00:00,2285.7
2024-03-27 20:00:00,2296.7
2024-03-28 00:00:00,2299.3
2024-03-28 04:00:00,2287.8
2024-03-28 08:00:00,2291.9
2024-03-28 12:00:00,2308.3
2024-03-28 16:00:00,2298.1
2024-03-28 20:00:00,2295.8
2024-03-29 00:00:00,2285.4
2024-03-29 04:00:00,2289.6
2024-03-29 08:00:00,2267.2
2024-03-29 12:00:00,2267.7
2024-03-29 16:00:00,2272.0
2024-03-29 20:00:00,2264.7
2024-03-30 00:00:00,2274.3
2024-03-30 04:00:00,2278.6
2024-03-30 08:00:00,2257.7
2024-03-30 12:00:00,2262.7
2024-03-30 16:00:00,2273.9
2024-03-30 20:00:00,2273.7
2024-03-31 00:00:00,2269.1
2024-03-31 04:00:00,2240.8
2024-03-31 08:00:00,2250.7
2024-03-31 12:00:00,2247.2
2024-03-31 16:00:00,2244.9
2024-03-31 20:00:00,2246.2
2024-04-01 00:00:00,2240.6
2024-04-01 04:00:00,2252.9
2024-04-01 08:00:00,2262.8
2024-04-01 12:00:00,2283.1
2024-04-01 16:00:00,2295.2
2024-04-01 20:00:00,2292.5
2024-04-02 00:00:00,2284.2
2024-04-02 04:00:00,2281.2
2024-04-02 08:00:00,2284.9
2024-04-02 12:00:00,2290.2
2024-04-02 16:00:00,2293.4
2024-04-02 20:00:00,2287.5
2024-04-03 00:00:00,2285.2
2024-04-03 04:00:00,2285.6
2024-04-03 08:00:00,2286.0
2024-04-03 12:00:00,2278.4
2024-04-03 16:00:00,2289.9
2024-04-03 20:00:00,2298.8
2024-04-04 00:00:00,2299.5
2024-04-04 04:00:00,2280.5
2024-04-04 08:00:00,2280.3
2024-04-04 12:00:00,2301.8
2024-04-04 16:00:00,2327.7
2024-04-04 20:00:00,2355.5
2024-04-05 00:00:00,2355.4
2024-04-05 04:00:00,2344.1
2024-04-05 08:00:00,2362.2
2024-04-05 12:00:00,2365.1
2024-04-05 16:00:00,2343.6
2024-04-05 20:00:00,2363.5
2024-04-06 00:00:00,2346.9
2024-04-06 04:00:00,2347.7
2024-04-06 08:00:00,2342.8
2024-04-06 12:00:00,2347.8
2024-04-06 16:00:00,2350.3
2024-04-06 20:00:00,2362.8
2024-04-07 00:00:00,2355.8
2024-04-07 04:00:00,2359.0
2024-04-07 08:00:00,2354.3
2024-04-07 12:00:00,2361.5
2024-04-07 16:00:00,2359.2
2024-04-07 20:00:00,2332.4
2024-04-08 00:00:00,2356.4
2024-04-08 04:00:00,2363.0
2024-04-08 08:00:00,2342.8
2024-04-08 12:00:00,2335.4
2024-04-08 16:00:00,2310.7
2024-04-08 20:00:00,2309.6
2024-04-09 00:00:00,2313.6
2024-04-09 04:00:00,2312.6
2024-04-09 08:00:00,2315.3
2024-04-09 12:00:00,2318.7
2024-04-09 16:00:00,2311.2
2024-04-09 20:00:00,2326.8
2024-04-10 00:00:00,2334.7
2024-04-10 04:00:00,2325.4
2024-04-10 08:00:00,2328.5
2024-04-10 12:00:00,2331.8
2024-04-10 16:00:00,2346.6
2024-04-10 20:00:00,2350.0
2024-04-11 00:00:00,2345.8
2024-04-11 04:00:00,2340.6
2024-04-11 08:00:00,2360.5
2024-04-11 12:00:00,2358.8
2024-04-11 16:00:00,2362.7
2024-04-11 20:00:00,2357.9
2024-04-12 00:00:00,2367.2
2024-04-12 04:00:00,2367.6
2024-04-12 08:00:00,2365.8
2024-04-12 12:00:00,2378.5
2024-04-12 16:00:00,2497.8
2024-04-12 20:00:00,2467.4
2024-04-13 00:00:00,2483.9
2024-04-13 04:00:00,2479.0
2024-04-13 08:00:00,2469.1
2024-04-13 12:00:00,2490.1
2024-04-13 16:00:00,2577.8
2024-04-13 20:00:00,2571.9
2024-04-14 00:00:00,2583.2
2024-04-14 04:00:00,2507.4
2024-04-14 08:00:00,2555.8
2024-04-14 12:00:00,2545.1
2024-04-14 16:00:00,2527.1
2024-04-14 20:00:00,2499.0
2024-04-15 00:00:00,2496.2
2024-04-15 04:00:00,2459.6
2024-04-15 08:00:00,2458.5
2024-04-15 12:00:00,2478.6
2024-04-15 16:00:00,2480.1
2024-04-15 20:00:00,2483.1
2024-04-16 00:00:00,2499.6
2024-04-16 04:00:00,2485.0
2024-04-16 08:00:00,2488.7
2024-04-16 12:00:00,2522.4
2024-04-16 16:00:00,2508.2
2024-04-16 20:00:00,2518.7
2024-04-17 00:00:00,2515.1
2024-04-17 04:00:00,2499.2
2024-04-17 08:00:00,2512.3
2024-04-17 12:00:00,2499.2
2024-04-17 16:00:00,2464.7
2024-04-17 20:00:00,2491.0
2024-04-18 00:00:00,2481.1
2024-04-18 04:00:00,2499.1
2024-04-18 08:00:00,2501.5
2024-04-18 12:00:00,2513.7
2024-04-18 16:00:00,2509.4
2024-04-18 20:00:00,2502.4
2024-04-19 00:00:00,2511.9
2024-04-19 04:00:00,2533.6
2024-04-19 08:00:00,2529.9
2024-04-19 12:00:00,2519.7
2024-04-19 16:00:00,2501.3
2024-04-19 20:00:00,2512.2
2024-04-20 00:00:00,2509.7
2024-04-20 04:00:00,2502.3
2024-04-20 08:00:00,2510.0
2024-04-20 12:00:00,2493.8
2024-04-20 16:00:00,2458.9
2024-04-20 20:00:00,2454.1
2024-04-21 00:00:00,2460.4
2024-04-21 04:00:00,2449.6
2024-04-21 08:00:00,2456.9
2024-04-21 12:00:00,2464.1
2024-04-21 16:00:00,2460.8
2024-04-21 20:00:00,2468.3
2024-04-22 00:00:00,2461.8
2024-04-22 04:00:00,2457.1
2024-04-22 08:00:00,2457.2
2024-04-22 12:00:00,2464.3
2024-04-22 16:00:00,2475.1
2024-04-22 20:00:00,2470.7
2024-04-23 00:00:00,2474.6
2024-04-23 04:00:00,2477.2
2024-04-23 08:00:00,2463.2
2024-04-23 12:00:00,2449.0
2024-04-23 16:00:00,2449.8
2024-04-23 20:00:00,2458.4
2024-04-24 00:00:00,2452.7
2024-04-24 04:00:00,2444.2
2024-04-24 08:00:00,2424.6
2024-04-24 12:00:00,2440.2
2024-04-24 16:00:00,2431.4
2024-04-24 20:00:00,2445.2
2024-04-25 00:00:00,2446.9
2024-04-25 04:00:00,2441.7
2024-04-25 08:00:00,2449.0
2024-04-25 12:00:00,2424.8
2024-04-25 16:00:00,2441.7
2024-04-25 20:00:00,2444.9
2024-04-26 00:00:00,2450.9
2024-04-26 04:00:00,2451.5
2024-04-26 08:00:00,2460.7
2024-04-26 12:00:00,2442.5
2024-04-26 16:00:00,2438.4
2024-04-26 20:00:00,2454.7
2024-04-27 00:00:00,2444.9
2024-04-27 04:00:00,2445.5
2024-04-27 08:00:00,2444.4
2024-04-27 12:00:00,2434.2
2024-04-27 16:00:00,2388.8
2024-04-27 20:00:00,2385.2
2024-04-28 00:00:00,2372.8
2024-04-28 04:00:00,2367.3
2024-04-28 08:00:00,2371.3
2024-04-28 12:00:00,2357.7
2024-04-28 16:00:00,2362.5
2024-04-28 20:00:00,2378.2
2024-04-29 00:00:00,2401.1
2024-04-29 04:00:00,2407.6
2024-04-29 08:00:00,2412.4
2024-04-29 12:00:00,2419.9
2024-04-29 16:00:00,2426.0
2024-04-29 20:00:00,2432.9
2024-04-30 00:00:00,2445.0
2024-04-30 04:00:00,2438.0
2024-04-30 08:00:00,2475.0
2024-04-30 12:00:00,2478.8
2024-04-30 16:00:00,2456.6
2024-04-30 20:00:00,2454.3
2024-05-01 00:00:00,2444.5
2024-05-01 04:00:00,2435.3
2024-05-01 08:00:00,2422.7
2024-05-01 12:00:00,2395.2
2024-05-01 16:00:00,2353.4
2024-05-01 20:00:00,2361.4
2024-05-02 00:00:00,2371.0
2024-05-02 04:00:00,2378.2
2024-05-02 08:00:00,2353.1
2024-05-02 12:00:00,2376.1
2024-05-02 16:00:00,2375.6
2024-05-02 20:00:00,2376.2
2024-05-03 00:00:00,2380.9
2024-05-03 04:00:00,2392.3
2024-05-03 08:00:00,2392.3
2024-05-03 12:00:00,2412.4
2024-05-03 16:00:00,2420.3
2024-05-03 20:00:00,2430.3
2024-05-04 00:00:00,2424.1
2024-05-04 04:00:00,2440.3
2024-05-04 08:00:00,2447.4
2024-05-04 12:00:00,2435.7
2024-05-04 16:00:00,2439.9
2024-05-04 20:00:00,2460.3
2024-05-05 00:00:00,2454.5
2024-05-05 04:00:00,2460.4
2024-05-05 08:00:00,2448.1
2024-05-05 12:00:00,2447.6
2024-05-05 16:00:00,2439.2
2024-05-05 20:00:00,2447.8
2024-05-06 00:00:00,2441.1
2024-05-06 04:00:00,2432.7
2024-05-06 08:00:00,2429.4
2024-05-06 12:00:00,2440.0
2024-05-06 16:00:00,2436.9
2024-05-06 20:00:00,2442.7
2024-05-07 00:00:00,2456.7
2024-05-07 04:00:00,2459.2
2024-05-07 08:00:00,2456.7
2024-05-07 12:00:00,2456.7
2024-05-07 16:00:00,2453.2
2024-05-07 20:00:00,2463.1
2024-05-08 00:00:00,2463.9
2024-05-08 04:00:00,2469.0
2024-05-08 08:00:00,2475.5
2024-05-08 12:00:00,2458.4
2024-05-08 16:00:00,2457.5
2024-05-08 20:00:00,2440.3
2024-05-09 00:00:00,2437.1
2024-05-09 04:00:00,2430.8
2024-05-09 08:00:00,2432.2
2024-05-09 12:00:00,2448.4
2024-05-09 16:00:00,2443.6
2024-05-09 20:00:00,2454.3
2024-05-10 00:00:00,2451.6
2024-05-10 04:00:00,2450.4
2024-05-10 08:00:00,2459.6
2024-05-10 12:00:00,2458.9
2024-05-10 16:00:00,2455.2
2024-05-10 20:00:00,2460.5
2024-05-11 00:00:00,2460.1
2024-05-11 04:00:00,2458.8
2024-05-11 08:00:00,2459.3
2024-05-11 12:00:00,2462.7
2024-05-11 16:00:00,2455.9
2024-05-11 20:00:00,2457.2
2024-05-12 00:00:00,2455.8
2024-05-12 04:00:00,2466.0
2024-05-12 08:00:00,2462.0
2024-05-12 12:00:00,2467.0
2024-05-12 16:00:00,2474.1
2024-05-12 20:00:00,2482.8
2024-05-13 00:00:00,2506.8
2024-05-13 04:00:00,2499.6
2024-05-13 08:00:00,2503.7
2024-05-13 12:00:00,2510.0
2024-05-13 16:00:00,2518.4
2024-05-13 20:00:00,2519.8
2024-05-14 00:00:00,2510.7
2024-05-14 04:00:00,2502.1
2024-05-14 08:00:00,2501.9
2024-05-14 12:00:00,2524.7
2024-05-14 16:00:00,2519.2
2024-05-14 20:00:00,2533.1
2024-05-15 00:00:00,2529.5
2024-05-15 04:00:00,2532.5
2024-05-15 08:00:00,2556.3
2024-05-15 12:00:00,2567.3
2024-05-15 16:00:00,2579.3
2024-05-15 20:00:00,2577.9
2024-05-16 00:00:00,2571.1
2024-05-16 04:00:00,2578.2
2024-05-16 08:00:00,2599.0
2024-05-16 12:00:00,2612.5
2024-05-16 16:00:00,2592.8
2024-05-16 20:00:00,2593.6
2024-05-17 00:00:00,2595.3
2024-05-17 04:00:00,2564.3
2024-05-17 08:00:00,2558.8
2024-05-17 12:00:00,2551.2
2024-05-17 16:00:00,2562.5
2024-05-17 20:00:00,2554.9
2024-05-18 00:00:00,2532.6
2024-05-18 04:00:00,2540.8
2024-05-18 08:00:00,2533.9
2024-05-18 12:00:00,2536.8
2024-05-18 16:00:00,2536.4
2024-05-18 20:00:00,2535.9
2024-05-19 00:00:00,2532.7
2024-05-19 04:00:00,2548.5
2024-05-19 08:00:00,2561.5
2024-05-19 12:00:00,2570.2
2024-05-19 16:00:00,2547.3
2024-05-19 20:00:00,2552.1
2024-05-20 00:00:00,2549.7
2024-05-20 04:00:00,2545.3
2024-05-20 08:00:00,2554.0
2024-05-20 12:00:00,2551.2
2024-05-20 16:00:00,2475.9
2024-05-20 20:00:00,2424.0
2024-05-21 00:00:00,2416.4
2024-05-21 04:00:00,2399.5
2024-05-21 08:00:00,2376.6
2024-05-21 12:00:00,2340.8
2024-05-21 16:00:00,2350.3
2024-05-21 20:00:00,2340.7
2024-05-22 00:00:00,2334.3
2024-05-22 04:00:00,2341.8
2024-05-22 08:00:00,2370.7
2024-05-22 12:00:00,2359.2
2024-05-22 16:00:00,2356.2
2024-05-22 20:00:00,2343.9
2024-05-23 00:00:00,2332.1
2024-05-23 04:00:00,2334.1
2024-05-23 08:00:00,2309.4
2024-05-23 12:00:00,2307.4
2024-05-23 16:00:00,2294.4
2024-05-23 20:00:00,2304.4
2024-05-24 00:00:00,2298.0
2024-05-24 04:00:00,2333.5
2024-05-24 08:00:00,2322.0
2024-05-24 12:00:00,2357.9
2024-05-24 16:00:00,2360.0
2024-05-24 20:00:00,2349.3
2024-05-25 00:00:00,2346.7
2024-05-25 04:00:00,2345.8
2024-05-25 08:00:00,2357.6
2024-05-25 12:00:00,2354.0
2024-05-25 16:00:00,2354.9
2024-05-25 20:00:00,2356.4
2024-05-26 00:00:00,2343.7
2024-05-26 04:00:00,2350.0
2024-05-26 08:00:00,2339.4
2024-05-26 12:00:00,2325.7
2024-05-26 16:00:00,2314.8
2024-05-26 20:00:00,2319.6
2024-05-27 00:00:00,2295.3
2024-05-27 04:00:00,2291.1
2024-05-27 08:00:00,2284.9
2024-05-27 12:00:00,2305.7
2024-05-27 16:00:00,2314.5
2024-05-27 20:00:00,2307.7
2024-05-28 00:00:00,2291.8
2024-05-28 04:00:00,2287.6
2024-05-28 08:00:00,2280.1
2024-05-28 12:00:00,2297.6
2024-05-28 16:00:00,2302.7
2024-05-28 20:00:00,2303.8
2024-05-29 00:00:00,2306.2
2024-05-29 04:00:00,2293.4
2024-05-29 08:00:00,2295.7
2024-05-29 12:00:00,2304.0
2024-05-29 16:00:00,2304.5
2024-05-29 20:00:00,2311.8
2024-05-30 00:00:00,2312.9
2024-05-30 04:00:00,2342.8
2024-05-30 08:00:00,2336.3
2024-05-30 12:00:00,2336.3
2024-05-30 16:00:00,2348.8
2024-05-30 20:00:00,2351.6
2024-05-31 00:00:00,2351.2
2024-05-31 04:00:00,2354.5
2024-05-31 08:00:00,2327.1
2024-05-31 12:00:00,2325.3
2024-05-31 16:00:00,2317.3
2024-05-31 20:00:00,2322.3
2024-06-01 00:00:00,2318.9
2024-06-01 04:00:00,2318.6
2024-06-01 08:00:00,2313.1
2024-06-01 12:00:00,2307.0
2024-06-01 16:00:00,2306.4
2024-06-01 20:00:00,2306.0
2024-06-02 00:00:00,2307.1
2024-06-02 04:00:00,2313.8
2024-06-02 08:00:00,2325.0
2024-06-02 12:00:00,2325.8
2024-06-02 16:00:00,2327.8
2024-06-02 20:00:00,2326.6
2024-06-03 00:00:00,2334.8
2024-06-03 04:00:00,2331.5
2024-06-03 08:00:00,2340.5
2024-06-03 12:00:00,2362.7
2024-06-03 16:00:00,2355.3
2024-06-03 20:00:00,2353.0
2024-06-04 00:00:00,2356.0
2024-06-04 04:00:00,2354.4
2024-06-04 08:00:00,2348.4
2024-06-04 12:00:00,2363.0
2024-06-04 16:00:00,2357.9
2024-06-04 20:00:00,2351.0
2024-06-05 00:00:00,2357.0
2024-06-05 04:00:00,2361.7
2024-06-05 08:00:00,2359.9
2024-06-05 12:00:00,2371.5
2024-06-05 16:00:00,2343.2
2024-06-05 20:00:00,2339.2
2024-06-06 00:00:00,2341.4
2024-06-06 04:00:00,2344.9
2024-06-06 08:00:00,2347.4
2024-06-06 12:00:00,2353.4
2024-06-06 16:00:00,2357.4
2024-06-06 20:00:00,2355.2
2024-06-07 00:00:00,2363.9
2024-06-07 04:00:00,2363.1
2024-06-07 08:00:00,2368.5
2024-06-07 12:00:00,2367.3
2024-06-07 16:00:00,2399.9
2024-06-07 20:00:00,2400.7
2024-06-08 00:00:00,2398.7
2024-06-08 04:00:00,2390.7
2024-06-08 08:00:00,2409.8
2024-06-08 12:00:00,2408.6
2024-06-08 16:00:00,2414.9
2024-06-08 20:00:00,2414.4
2024-06-09 00:00:00,2417.6
2024-06-09 04:00:00,2408.8
2024-06-09 08:00:00,2408.7
2024-06-09 12:00:00,2412.2
2024-06-09 16:00:00,2411.7
2024-06-09 20:00:00,2409.8
2024-06-10 00:00:00,2423.2
2024-06-10 04:00:00,2449.6
2024-06-10 08:00:00,2436.4
2024-06-10 12:00:00,2430.0
2024-06-10 16:00:00,2433.8
2024-06-10 20:00:00,2451.9
2024-06-11 00:00:00,2450.9
2024-06-11 04:00:00,2461.8
2024-06-11 08:00:00,2443.8
2024-06-11 12:00:00,2480.3
2024-06-11 16:00:00,2485.9
2024-06-11 20:00:00,2487.4
2024-06-12 00:00:00,2478.6
2024-06-12 04:00:00,2464.3
2024-06-12 08:00:00,2478.8
2024-06-12 12:00:00,2473.3
2024-06-12 16:00:00,2457.6
2024-06-12 20:00:00,2457.5
2024-06-13 00:00:00,2473.6
2024-06-13 04:00:00,2479.1
2024-06-13 08:00:00,2493.7
2024-06-13 12:00:00,2486.1
2024-06-13 16:00:00,2464.3
2024-06-13 20:00:00,2483.0
2024-06-14 00:00:00,2468.2
2024-06-14 04:00:00,2457.1
2024-06-14 08:00:00,2459.5
2024-06-14 12:00:00,2480.5
2024-06-14 16:00:00,2488.9
2024-06-14 20:00:00,2463.8
2024-06-15 00:00:00,2459.2
2024-06-15 04:00:00,2441.2
2024-06-15 08:00:00,2442.2
2024-06-15 12:00:00,2428.7
2024-06-15 16:00:00,2426.0
2024-06-15 20:00:00,2423.5
2024-06-16 00:00:00,2431.1
2024-06-16 04:00:00,2428.7
2024-06-16 08:00:00,2435.8
2024-06-16 12:00:00,2420.6
2024-06-16 16:00:00,2413.2
2024-06-16 20:00:00,2403.7
2024-06-17 00:00:00,2418.0
2024-06-17 04:00:00,2428.2
2024-06-17 08:00:00,2435.9
2024-06-17 12:00:00,2440.7
2024-06-17 16:00:00,2445.2
2024-06-17 20:00:00,2471.0
2024-06-18 00:00:00,2506.1
2024-06-18 04:00:00,2507.3
2024-06-18 08:00:00,2517.3
2024-06-18 12:00:00,2496.3
2024-06-18 16:00:00,2492.9
2024-06-18 20:00:00,2478.0
2024-06-19 00:00:00,2433.4
2024-06-19 04:00:00,2434.9
2024-06-19 08:00:00,2445.4
2024-06-19 12:00:00,2443.8
2024-06-19 16:00:00,2430.5
2024-06-19 20:00:00,2431.0
2024-06-20 00:00:00,2447.8
2024-06-20 04:00:00,2432.8
2024-06-20 08:00:00,2442.8
2024-06-20 12:00:00,2457.4
2024-06-20 16:00:00,2446.7
2024-06-20 20:00:00,2456.7
2024-06-21 00:00:00,2451.7
2024-06-21 04:00:00,2456.1
2024-06-21 08:00:00,2420.6
2024-06-21 12:00:00,2432.8
2024-06-21 16:00:00,2427.8
2024-06-21 20:00:00,2430.8
2024-06-22 00:00:00,2441.5
2024-06-22 04:00:00,2454.0
2024-06-22 08:00:00,2445.1
2024-06-22 12:00:00,2438.9
2024-06-22 16:00:00,2443.6
2024-06-22 20:00:00,2443.6
2024-06-23 00:00:00,2433.3
2024-06-23 04:00:00,2437.6
2024-06-23 08:00:00,2443.3
2024-06-23 12:00:00,2455.2
2024-06-23 16:00:00,2455.0
2024-06-23 20:00:00,2459.5
2024-06-24 00:00:00,2457.7
2024-06-24 04:00:00,2468.2
2024-06-24 08:00:00,2441.6
2024-06-24 12:00:00,2449.3
2024-06-24 16:00:00,2386.2
2024-06-24 20:00:00,2376.2
2024-06-25 00:00:00,2389.3
2024-06-25 04:00:00,2373.7
2024-06-25 08:00:00,2381.3
2024-06-25 12:00:00,2375.7
2024-06-25 16:00:00,2384.4
2024-06-25 20:00:00,2390.4
2024-06-26 00:00:00,2393.6
2024-06-26 04:00:00,2384.2
2024-06-26 08:00:00,2388.9
2024-06-26 12:00:00,2400.2
2024-06-26 16:00:00,2358.4
2024-06-26 20:00:00,2376.3
2024-06-27 00:00:00,2376.1
2024-06-27 04:00:00,2376.7
2024-06-27 08:00:00,2369.9
2024-06-27 12:00:00,2343.3
2024-06-27 16:00:00,2336.7
2024-06-27 20:00:00,2339.6
2024-06-28 00:00:00,2342.5
2024-06-28 04:00:00,2343.5
2024-06-28 08:00:00,2342.9
2024-06-28 12:00:00,2343.9
2024-06-28 16:00:00,2331.6
2024-06-28 20:00:00,2350.1
2024-06-29 00:00:00,2350.0
2024-06-29 04:00:00,2354.5
2024-06-29 08:00:00,2355.7
2024-06-29 12:00:00,2360.0
2024-06-29 16:00:00,2362.8
2024-06-29 20:00:00,2369.5
2024-06-30 00:00:00,2374.6
2024-06-30 04:00:00,2376.9
2024-06-30 08:00:00,2382.2
2024-06-30 12:00:00,2376.4
2024-06-30 16:00:00,2371.7
2024-06-30 20:00:00,2388.8
2024-07-01 00:00:00,2381.1
2024-07-01 04:00:00,2381.1
2024-07-01 08:00:00,2377.1
2024-07-01 12:00:00,2385.6
2024-07-01 16:00:00,2388.7
2024-07-01 20:00:00,2393.9
2024-07-02 00:00:00,2392.3
2024-07-02 04:00:00,2384.1
2024-07-02 08:00:00,2378.2
2024-07-02 12:00:00,2367.1
2024-07-02 16:00:00,2355.1
2024-07-02 20:00:00,2358.3
2024-07-03 00:00:00,2353.7
2024-07-03 04:00:00,2362.1
2024-07-03 08:00:00,2371.7
2024-07-03 12:00:00,2374.7
2024-07-03 16:00:00,2382.9
2024-07-03 20:00:00,2385.6
2024-07-04 00:00:00,2390.6
2024-07-04 04:00:00,2396.1
2024-07-04 08:00:00,2395.6
2024-07-04 12:00:00,2421.0
2024-07-04 16:00:00,2437.2
2024-07-04 20:00:00,2448.8
2024-07-05 00:00:00,2518.3
2024-07-05 04:00:00,2483.8
2024-07-05 08:00:00,2468.1
2024-07-05 12:00:00,2474.0
2024-07-05 16:00:00,2460.5
2024-07-05 20:00:00,2470.8
2024-07-06 00:00:00,2459.5
2024-07-06 04:00:00,2444.9
2024-07-06 08:00:00,2437.6
2024-07-06 12:00:00,2444.2
2024-07-06 16:00:00,2430.1
2024-07-06 20:00:00,2439.0
2024-07-07 00:00:00,2446.3
2024-07-07 04:00:00,2462.9
2024-07-07 08:00:00,2457.7
2024-07-07 12:00:00,2475.1
2024-07-07 16:00:00,2478.5
2024-07-07 20:00:00,2475.5
2024-07-08 00:00:00,2478.8
2024-07-08 04:00:00,2466.1
2024-07-08 08:00:00,2418.8
2024-07-08 12:00:00,2427.0
2024-07-08 16:00:00,2431.3
2024-07-08 20:00:00,2428.9
2024-07-09 00:00:00,2421.2
2024-07-09 04:00:00,2417.0
2024-07-09 08:00:00,2416.4
2024-07-09 12:00:00,2430.3
2024-07-09 16:00:00,2441.8
2024-07-09 20:00:00,2451.5
2024-07-10 00:00:00,2449.7
2024-07-10 04:00:00,2461.3
2024-07-10 08:00:00,2442.1
2024-07-10 12:00:00,2403.4
2024-07-10 16:00:00,2399.4
2024-07-10 20:00:00,2411.9
2024-07-11 00:00:00,2418.6
2024-07-11 04:00:00,2416.3
2024-07-11 08:00:00,2416.8
2024-07-11 12:00:00,2395.3
2024-07-11 16:00:00,2398.7
2024-07-11 20:00:00,2405.1
2024-07-12 00:00:00,2392.6
2024-07-12 04:00:00,2406.4
2024-07-12 08:00:00,2409.6
2024-07-12 12:00:00,2406.7
2024-07-12 16:00:00,2388.8
2024-07-12 20:00:00,2387.5
2024-07-13 00:00:00,2383.5
2024-07-13 04:00:00,2378.4
2024-07-13 08:00:00,2387.4
2024-07-13 12:00:00,2393.0
2024-07-13 16:00:00,2376.7
2024-07-13 20:00:00,2396.1
2024-07-14 00:00:00,2404.6
2024-07-14 04:00:00,2411.4
2024-07-14 08:00:00,2412.7
2024-07-14 12:00:00,2418.7
2024-07-14 16:00:00,2410.4
2024-07-14 20:00:00,2409.0
2024-07-15 00:00:00,2428.6
2024-07-15 04:00:00,2418.8
2024-07-15 08:00:00,2415.3
2024-07-15 12:00:00,2416.2
2024-07-15 16:00:00,2402.3
2024-07-15 20:00:00,2401.7
2024-07-16 00:00:00,2409.9
2024-07-16 04:00:00,2410.8
2024-07-16 08:00:00,2412.1
2024-07-16 12:00:00,2406.3
2024-07-16 16:00:00,2416.0
2024-07-16 20:00:00,2429.6
2024-07-17 00:00:00,2434.8
2024-07-17 04:00:00,2412.8
2024-07-17 08:00:00,2412.7
2024-07-17 12:00:00,2424.5
2024-07-17 16:00:00,2427.1
2024-07-17 20:00:00,2427.6
2024-07-18 00:00:00,2428.8
2024-07-18 04:00:00,2429.8
2024-07-18 08:00:00,2420.5
2024-07-18 12:00:00,2426.5
2024-07-18 16:00:00,2415.8
2024-07-18 20:00:00,2416.9
2024-07-19 00:00:00,2422.7
2024-07-19 04:00:00,2423.3
2024-07-19 08:00:00,2428.9
2024-07-19 12:00:00,2437.7
2024-07-19 16:00:00,2450.3
2024-07-19 20:00:00,2443.7
2024-07-20 00:00:00,2448.7
2024-07-20 04:00:00,2446.0
2024-07-20 08:00:00,2449.3
2024-07-20 12:00:00,2442.9
2024-07-20 16:00:00,2446.1
2024-07-20 20:00:00,2441.6
2024-07-21 00:00:00,2446.3
2024-07-21 04:00:00,2447.0
2024-07-21 08:00:00,2444.8
2024-07-21 12:00:00,2448.4
2024-07-21 16:00:00,2458.9
2024-07-21 20:00:00,2446.1
2024-07-22 00:00:00,2451.5
2024-07-22 04:00:00,2458.2
2024-07-22 08:00:00,2446.1
2024-07-22 12:00:00,2457.6
2024-07-22 16:00:00,2471.2
2024-07-22 20:00:00,2488.6
2024-07-23 00:00:00,2467.4
2024-07-23 04:00:00,2463.3
2024-07-23 08:00:00,2437.2
2024-07-23 12:00:00,2459.0
2024-07-23 16:00:00,2432.0
2024-07-23 20:00:00,2435.8
2024-07-24 00:00:00,2447.6
2024-07-24 04:00:00,2447.1
2024-07-24 08:00:00,2440.8
2024-07-24 12:00:00,2458.9
2024-07-24 16:00:00,2466.3
2024-07-24 20:00:00,2474.5
2024-07-25 00:00:00,2535.6
2024-07-25 04:00:00,2529.6
2024-07-25 08:00:00,2527.6
2024-07-25 12:00:00,2563.0
2024-07-25 16:00:00,2579.6
2024-07-25 20:00:00,2581.4
2024-07-26 00:00:00,2583.4
2024-07-26 04:00:00,2567.5
2024-07-26 08:00:00,2582.5
2024-07-26 12:00:00,2582.8
2024-07-26 16:00:00,2583.5
2024-07-26 20:00:00,2577.6
2024-07-27 00:00:00,2588.3
2024-07-27 04:00:00,2578.9
2024-07-27 08:00:00,2580.6
2024-07-27 12:00:00,2609.0
2024-07-27 16:00:00,2594.6
2024-07-27 20:00:00,2590.2
2024-07-28 00:00:00,2597.6
2024-07-28 04:00:00,2590.2
2024-07-28 08:00:00,2583.1
2024-07-28 12:00:00,2575.6
2024-07-28 16:00:00,2587.5
2024-07-28 20:00:00,2594.2
2024-07-29 00:00:00,2575.8
2024-07-29 04:00:00,2569.9
2024-07-29 08:00:00,2572.1
2024-07-29 12:00:00,2564.7
2024-07-29 16:00:00,2538.2
2024-07-29 20:00:00,2528.7
2024-07-30 00:00:00,2518.0
2024-07-30 04:00:00,2522.7
2024-07-30 08:00:00,2506.7
2024-07-30 12:00:00,2504.9
2024-07-30 16:00:00,2522.4
2024-07-30 20:00:00,2519.4
2024-07-31 00:00:00,2504.6
2024-07-31 04:00:00,2493.3
2024-07-31 08:00:00,2491.0
2024-07-31 12:00:00,2514.8
2024-07-31 16:00:00,2505.7
2024-07-31 20:00:00,2509.8
2024-08-01 00:00:00,2519.3
2024-08-01 04:00:00,2543.9
2024-08-01 08:00:00,2538.5
2024-08-01 12:00:00,2538.3
2024-08-01 16:00:00,2557.2
2024-08-01 20:00:00,2567.7
2024-08-02 00:00:00,2566.9
2024-08-02 04:00:00,2573.9
2024-08-02 08:00:00,2580.6
2024-08-02 12:00:00,2620.1
2024-08-02 16:00:00,2615.1
2024-08-02 20:00:00,2589.8
2024-08-03 00:00:00,2601.9
2024-08-03 04:00:00,2593.2
2024-08-03 08:00:00,2597.6
2024-08-03 12:00:00,2612.4
2024-08-03 16:00:00,2640.8
2024-08-03 20:00:00,2636.9
2024-08-04 00:00:00,2627.4
2024-08-04 04:00:00,2639.5
2024-08-04 08:00:00,2645.0
2024-08-04 12:00:00,2662.5
2024-08-04 16:00:00,2681.6
2024-08-04 20:00:00,2697.0
2024-08-05 00:00:00,2851.9
2024-08-05 04:00:00,2768.2
2024-08-05 08:00:00,2793.0
2024-08-05 12:00:00,2737.3
2024-08-05 16:00:00,2741.1
2024-08-05 20:00:00,2741.6
2024-08-06 00:00:00,2729.6
2024-08-06 04:00:00,2704.9
2024-08-06 08:00:00,2729.8
2024-08-06 12:00:00,2714.6
2024-08-06 16:00:00,2755.0
2024-08-06 20:00:00,2751.5
2024-08-07 00:00:00,2733.4
2024-08-07 04:00:00,2732.9
2024-08-07 08:00:00,2763.6
2024-08-07 12:00:00,2783.2
2024-08-07 16:00:00,2772.2
2024-08-07 20:00:00,2775.2
2024-08-08 00:00:00,2774.0
2024-08-08 04:00:00,2790.1
2024-08-08 08:00:00,2772.3
2024-08-08 12:00:00,2804.2
2024-08-08 16:00:00,2776.5
2024-08-08 20:00:00,2776.4
2024-08-09 00:00:00,2770.1
2024-08-09 04:00:00,2776.6
2024-08-09 08:00:00,2797.7
2024-08-09 12:00:00,2825.8
2024-08-09 16:00:00,2832.3
2024-08-09 20:00:00,2825.7
2024-08-10 00:00:00,2806.5
2024-08-10 04:00:00,2804.7
2024-08-10 08:00:00,2799.5
2024-08-10 12:00:00,2804.2
2024-08-10 16:00:00,2819.7
2024-08-10 20:00:00,2815.0
2024-08-11 00:00:00,2789.3
2024-08-11 04:00:00,2770.2
2024-08-11 08:00:00,2781.2
2024-08-11 12:00:00,2805.4
2024-08-11 16:00:00,2812.2
2024-08-11 20:00:00,2817.1
2024-08-12 00:00:00,2802.0
2024-08-12 04:00:00,2782.2
2024-08-12 08:00:00,2750.5
2024-08-12 12:00:00,2763.7
2024-08-12 16:00:00,2751.9
2024-08-12 20:00:00,2715.3
2024-08-13 00:00:00,2750.2
2024-08-13 04:00:00,2750.5
2024-08-13 08:00:00,2739.3
2024-08-13 12:00:00,2761.0
2024-08-13 16:00:00,2782.0
2024-08-13 20:00:00,2773.3
2024-08-14 00:00:00,2788.5
2024-08-14 04:00:00,2779.9
2024-08-14 08:00:00,2772.8
2024-08-14 12:00:00,2740.6
2024-08-14 16:00:00,2730.7
2024-08-14 20:00:00,2725.5
2024-08-15 00:00:00,2715.5
2024-08-15 04:00:00,2729.2
2024-08-15 08:00:00,2740.7
2024-08-15 12:00:00,2749.1
2024-08-15 16:00:00,2739.2
2024-08-15 20:00:00,2741.7
2024-08-16 00:00:00,2750.5
2024-08-16 04:00:00,2740.4
2024-08-16 08:00:00,2750.0
2024-08-16 12:00:00,2780.5
2024-08-16 16:00:00,2802.3
2024-08-16 20:00:00,2792.4
2024-08-17 00:00:00,2803.4
2024-08-17 04:00:00,2799.4
2024-08-17 08:00:00,2790.6
2024-08-17 12:00:00,2791.5
2024-08-17 16:00:00,2778.6
2024-08-17 20:00:00,2780.6
2024-08-18 00:00:00,2785.5
2024-08-18 04:00:00,2791.6
2024-08-18 08:00:00,2778.0
2024-08-18 12:00:00,2754.3
2024-08-18 16:00:00,2747.2
2024-08-18 20:00:00,2745.1
2024-08-19 00:00:00,2732.4
2024-08-19 04:00:00,2741.8
2024-08-19 08:00:00,2744.6
2024-08-19 12:00:00,2747.5
2024-08-19 16:00:00,2740.9
2024-08-19 20:00:00,2735.4
2024-08-20 00:00:00,2756.0
2024-08-20 04:00:00,2754.9
2024-08-20 08:00:00,2763.1
2024-08-20 12:00:00,2746.0
2024-08-20 16:00:00,2741.6
2024-08-20 20:00:00,2741.7
2024-08-21 00:00:00,2746.8
2024-08-21 04:00:00,2753.5
2024-08-21 08:00:00,2760.6
2024-08-21 12:00:00,2758.4
2024-08-21 16:00:00,2789.6
2024-08-21 20:00:00,2787.9
2024-08-22 00:00:00,2775.3
2024-08-22 04:00:00,2775.3
2024-08-22 08:00:00,2773.4
2024-08-22 12:00:00,2766.4
2024-08-22 16:00:00,2755.2
2024-08-22 20:00:00,2746.5
2024-08-23 00:00:00,2747.3
2024-08-23 04:00:00,2743.1
2024-08-23 08:00:00,2745.8
2024-08-23 12:00:00,2759.0
2024-08-23 16:00:00,2784.2
2024-08-23 20:00:00,2782.1
2024-08-24 00:00:00,2791.5
2024-08-24 04:00:00,2802.5
2024-08-24 08:00:00,2783.7
2024-08-24 12:00:00,2775.0
2024-08-24 16:00:00,2753.5
2024-08-24 20:00:00,2775.1
2024-08-25 00:00:00,2788.9
2024-08-25 04:00:00,2809.0
2024-08-25 08:00:00,2799.4
2024-08-25 12:00:00,2788.4
2024-08-25 16:00:00,2798.1
2024-08-25 20:00:00,2808.4
2024-08-26 00:00:00,2810.1
2024-08-26 04:00:00,2804.0
2024-08-26 08:00:00,2805.9
2024-08-26 12:00:00,2814.6
2024-08-26 16:00:00,2842.5
2024-08-26 20:00:00,2830.0
2024-08-27 00:00:00,2823.7
2024-08-27 04:00:00,2815.0
2024-08-27 08:00:00,2845.0
2024-08-27 12:00:00,2843.2
2024-08-27 16:00:00,2851.1
2024-08-27 20:00:00,2860.0
2024-08-28 00:00:00,2848.4
2024-08-28 04:00:00,2845.0
2024-08-28 08:00:00,2826.9
2024-08-28 12:00:00,2822.6
2024-08-28 16:00:00,2814.2
2024-08-28 20:00:00,2803.7
2024-08-29 00:00:00,2806.9
2024-08-29 04:00:00,2805.7
2024-08-29 08:00:00,2818.7
2024-08-29 12:00:00,2838.7
2024-08-29 16:00:00,2826.0
2024-08-29 20:00:00,2831.8
2024-08-30 00:00:00,2829.1
2024-08-30 04:00:00,2832.7
2024-08-30 08:00:00,2841.4
2024-08-30 12:00:00,2859.4
2024-08-30 16:00:00,2827.9
2024-08-30 20:00:00,2822.2
2024-08-31 00:00:00,2826.1
2024-08-31 04:00:00,2826.5
2024-08-31 08:00:00,2824.6
2024-08-31 12:00:00,2828.2
2024-08-31 16:00:00,2837.0
2024-08-31 20:00:00,2834.4
2024-09-01 00:00:00,2839.9
2024-09-01 04:00:00,2846.2
2024-09-01 08:00:00,2846.6
2024-09-01 12:00:00,2838.4
2024-09-01 16:00:00,2836.5
2024-09-01 20:00:00,2861.3
2024-09-02 00:00:00,2858.6
2024-09-02 04:00:00,2877.5
2024-09-02 08:00:00,2837.0
2024-09-02 12:00:00,2843.0
2024-09-02 16:00:00,2826.6
2024-09-02 20:00:00,2839.2
2024-09-03 00:00:00,2841.4
2024-09-03 04:00:00,2838.5
2024-09-03 08:00:00,2846.2
2024-09-03 12:00:00,2858.0
2024-09-03 16:00:00,2862.7
2024-09-03 20:00:00,2867.4
2024-09-04 00:00:00,2866.4
2024-09-04 04:00:00,2847.1
2024-09-04 08:00:00,2862.9
2024-09-04 12:00:00,2866.8
2024-09-04 16:00:00,2859.8
2024-09-04 20:00:00,2865.8
2024-09-05 00:00:00,2862.1
2024-09-05 04:00:00,2851.4
2024-09-05 08:00:00,2851.6
2024-09-05 12:00:00,2838.3
2024-09-05 16:00:00,2856.8
2024-09-05 20:00:00,2850.1
2024-09-06 00:00:00,2839.3
2024-09-06 04:00:00,2859.0
2024-09-06 08:00:00,2840.0
2024-09-06 12:00:00,2821.7
2024-09-06 16:00:00,2867.1
2024-09-06 20:00:00,2868.8
2024-09-07 00:00:00,2859.4
2024-09-07 04:00:00,2832.9
2024-09-07 08:00:00,2836.7
2024-09-07 12:00:00,2836.3
2024-09-07 16:00:00,2833.5
2024-09-07 20:00:00,2833.1
2024-09-08 00:00:00,2826.0
2024-09-08 04:00:00,2812.0
2024-09-08 08:00:00,2815.4
2024-09-08 12:00:00,2830.1
2024-09-08 16:00:00,2831.9
2024-09-08 20:00:00,2828.2
2024-09-09 00:00:00,2836.8
2024-09-09 04:00:00,2819.9
2024-09-09 08:00:00,2830.4
2024-09-09 12:00:00,2852.8
2024-09-09 16:00:00,2866.1
2024-09-09 20:00:00,2857.9
2024-09-10 00:00:00,2858.0
2024-09-10 04:00:00,2865.4
2024-09-10 08:00:00,2870.5
2024-09-10 12:00:00,2869.3
2024-09-10 16:00:00,2878.7
2024-09-10 20:00:00,2867.3
2024-09-11 00:00:00,2863.9
2024-09-11 04:00:00,2868.5
2024-09-11 08:00:00,2880.5
2024-09-11 12:00:00,2879.2
2024-09-11 16:00:00,2891.2
2024-09-11 20:00:00,2879.3
2024-09-12 00:00:00,2884.0
2024-09-12 04:00:00,2886.7
2024-09-12 08:00:00,2889.5
2024-09-12 12:00:00,2890.4
2024-09-12 16:00:00,2890.3
2024-09-12 20:00:00,2876.8
2024-09-13 00:00:00,2875.1
2024-09-13 04:00:00,2888.0
2024-09-13 08:00:00,2878.1
2024-09-13 12:00:00,2894.8
2024-09-13 16:00:00,2892.5
2024-09-13 20:00:00,2913.9
2024-09-14 00:00:00,2908.3
2024-09-14 04:00:00,2912.2
2024-09-14 08:00:00,2901.5
2024-09-14 12:00:00,2904.5
2024-09-14 16:00:00,2909.3
2024-09-14 20:00:00,2909.4
2024-09-15 00:00:00,2911.7
2024-09-15 04:00:00,2912.7
2024-09-15 08:00:00,2923.1
2024-09-15 12:00:00,2926.9
2024-09-15 16:00:00,2943.8
2024-09-15 20:00:00,2962.3
2024-09-16 00:00:00,2974.6
2024-09-16 04:00:00,2962.2
2024-09-16 08:00:00,2951.7
2024-09-16 12:00:00,2943.2
2024-09-16 16:00:00,2953.4
2024-09-16 20:00:00,2950.5
2024-09-17 00:00:00,2949.7
2024-09-17 04:00:00,2958.6
2024-09-17 08:00:00,2977.3
2024-09-17 12:00:00,3001.8
2024-09-17 16:00:00,2987.0
2024-09-17 20:00:00,3012.2
2024-09-18 00:00:00,3025.3
2024-09-18 04:00:00,3032.0
2024-09-18 08:00:00,3038.2
2024-09-18 12:00:00,3033.6
2024-09-18 16:00:00,3028.8
2024-09-18 20:00:00,3031.8
2024-09-19 00:00:00,3017.7
2024-09-19 04:00:00,2993.5
2024-09-19 08:00:00,3017.1
2024-09-19 12:00:00,3025.0
2024-09-19 16:00:00,3009.8
2024-09-19 20:00:00,2995.4
2024-09-20 00:00:00,2986.7
2024-09-20 04:00:00,2931.0
2024-09-20 08:00:00,2950.2
2024-09-20 12:00:00,2938.8
2024-09-20 16:00:00,2938.1
2024-09-20 20:00:00,2940.6
2024-09-21 00:00:00,2939.8
2024-09-21 04:00:00,2927.4
2024-09-21 08:00:00,2927.7
2024-09-21 12:00:00,2918.8
2024-09-21 16:00:00,2908.7
2024-09-21 20:00:00,2883.7
2024-09-22 00:00:00,2892.9
2024-09-22 04:00:00,2895.7
2024-09-22 08:00:00,2900.6
2024-09-22 12:00:00,2912.3
2024-09-22 16:00:00,2920.3
2024-09-22 20:00:00,2935.2
2024-09-23 00:00:00,2894.6
2024-09-23 04:00:00,2891.8
2024-09-23 08:00:00,2890.7
2024-09-23 12:00:00,2869.5
2024-09-23 16:00:00,2850.3
2024-09-23 20:00:00,2866.4
2024-09-24 00:00:00,2863.4
2024-09-24 04:00:00,2872.0
2024-09-24 08:00:00,2869.2
2024-09-24 12:00:00,2874.7
2024-09-24 16:00:00,2887.0
2024-09-24 20:00:00,2872.8
2024-09-25 00:00:00,2884.6
2024-09-25 04:00:00,2888.1
2024-09-25 08:00:00,2878.6
2024-09-25 12:00:00,2884.7
2024-09-25 16:00:00,2894.4
2024-09-25 20:00:00,2896.4
2024-09-26 00:00:00,2894.7
2024-09-26 04:00:00,2871.4
2024-09-26 08:00:00,2891.9
2024-09-26 12:00:00,2893.3
2024-09-26 16:00:00,2884.1
2024-09-26 20:00:00,2909.5
2024-09-27 00:00:00,2907.7
2024-09-27 04:00:00,2890.9
2024-09-27 08:00:00,2897.0
2024-09-27 12:00:00,2890.5
2024-09-27 16:00:00,2874.9
2024-09-27 20:00:00,2882.3
2024-09-28 00:00:00,2885.9
2024-09-28 04:00:00,2898.6
2024-09-28 08:00:00,2890.4
2024-09-28 12:00:00,2885.0
2024-09-28 16:00:00,2884.0
2024-09-28 20:00:00,2894.4
2024-09-29 00:00:00,2891.7
2024-09-29 04:00:00,2910.3
2024-09-29 08:00:00,2906.2
2024-09-29 12:00:00,2889.2
2024-09-29 16:00:00,2888.5
2024-09-29 20:00:00,2893.1
2024-09-30 00:00:00,2886.1
2024-09-30 04:00:00,2875.6
2024-09-30 08:00:00,2864.1
2024-09-30 12:00:00,2885.6
2024-09-30 16:00:00,2879.5
2024-09-30 20:00:00,2886.9
2024-10-01 00:00:00,2864.1
2024-10-01 04:00:00,2858.9
2024-10-01 08:00:00,2858.5
2024-10-01 12:00:00,2924.4
2024-10-01 16:00:00,2938.1
2024-10-01 20:00:00,2924.2
2024-10-02 00:00:00,2923.9
2024-10-02 04:00:00,2925.7
2024-10-02 08:00:00,2938.8
2024-10-02 12:00:00,2962.8
2024-10-02 16:00:00,2978.8
2024-10-02 20:00:00,3010.2
2024-10-03 00:00:00,3008.7
2024-10-03 04:00:00,3030.0
2024-10-03 08:00:00,3042.0
2024-10-03 12:00:00,3044.7
2024-10-03 16:00:00,3043.3
2024-10-03 20:00:00,3034.4
2024-10-04 00:00:00,3027.4
2024-10-04 04:00:00,3027.5
2024-10-04 08:00:00,3021.7
2024-10-04 12:00:00,3013.1
2024-10-04 16:00:00,3017.1
2024-10-04 20:00:00,3017.2
2024-10-05 00:00:00,3027.6
2024-10-05 04:00:00,3011.7
2024-10-05 08:00:00,3014.7
2024-10-05 12:00:00,3015.4
2024-10-05 16:00:00,3022.7
2024-10-05 20:00:00,3017.8
2024-10-06 00:00:00,3012.7
2024-10-06 04:00:00,3010.9
2024-10-06 08:00:00,3008.2
2024-10-06 12:00:00,3009.0
2024-10-06 16:00:00,3011.4
2024-10-06 20:00:00,3013.0
2024-10-07 00:00:00,2991.3
2024-10-07 04:00:00,3008.0
2024-10-07 08:00:00,3003.3
2024-10-07 12:00:00,3017.5
2024-10-07 16:00:00,3030.0
2024-10-07 20:00:00,3014.9
2024-10-08 00:00:00,3014.4
2024-10-08 04:00:00,3023.2
2024-10-08 08:00:00,3013.1
2024-10-08 12:00:00,3020.2
2024-10-08 16:00:00,2994.5
2024-10-08 20:00:00,2992.6
2024-10-09 00:00:00,2997.1
2024-10-09 04:00:00,2997.7
2024-10-09 08:00:00,2989.9
2024-10-09 12:00:00,2985.2
2024-10-09 16:00:00,2967.2
2024-10-09 20:00:00,2988.8
2024-10-10 00:00:00,2981.5
2024-10-10 04:00:00,2984.6
2024-10-10 08:00:00,2993.9
2024-10-10 12:00:00,2983.5
2024-10-10 16:00:00,2962.3
2024-10-10 20:00:00,2969.4
2024-10-11 00:00:00,2957.1
2024-10-11 04:00:00,2963.6
2024-10-11 08:00:00,2966.0
2024-10-11 12:00:00,2981.9
2024-10-11 16:00:00,3000.6
2024-10-11 20:00:00,2994.3
2024-10-12 00:00:00,2991.8
2024-10-12 04:00:00,2996.0
2024-10-12 08:00:00,2992.8
2024-10-12 12:00:00,2993.0
2024-10-12 16:00:00,2982.4
2024-10-12 20:00:00,2991.6
2024-10-13 00:00:00,2988.1
2024-10-13 04:00:00,2987.1
2024-10-13 08:00:00,2984.9
2024-10-13 12:00:00,2992.7
2024-10-13 16:00:00,2999.3
2024-10-13 20:00:00,2989.5
2024-10-14 00:00:00,2997.2
2024-10-14 04:00:00,3004.8
2024-10-14 08:00:00,3015.3
2024-10-14 12:00:00,2979.6
2024-10-14 16:00:00,2992.2
2024-10-14 20:00:00,2985.9
2024-10-15 00:00:00,2975.7
2024-10-15 04:00:00,2989.0
2024-10-15 08:00:00,3011.2
2024-10-15 12:00:00,3039.0
2024-10-15 16:00:00,3058.0
2024-10-15 20:00:00,3051.8
2024-10-16 00:00:00,3050.1
2024-10-16 04:00:00,3060.1
2024-10-16 08:00:00,3062.4
2024-10-16 12:00:00,3074.7
2024-10-16 16:00:00,3068.0
2024-10-16 20:00:00,3069.6
2024-10-17 00:00:00,3045.0
2024-10-17 04:00:00,3054.8
2024-10-17 08:00:00,3066.1
2024-10-17 12:00:00,3066.4
2024-10-17 16:00:00,3074.2
2024-10-17 20:00:00,3081.9
2024-10-18 00:00:00,3074.2
2024-10-18 04:00:00,3062.5
2024-10-18 08:00:00,3070.7
2024-10-18 12:00:00,3081.1
2024-10-18 16:00:00,3078.7
2024-10-18 20:00:00,3077.2
2024-10-19 00:00:00,3069.7
2024-10-19 04:00:00,3069.9
2024-10-19 08:00:00,3073.8
2024-10-19 12:00:00,3061.2
2024-10-19 16:00:00,3065.9
2024-10-19 20:00:00,3060.0
2024-10-20 00:00:00,3060.8
2024-10-20 04:00:00,3063.3
2024-10-20 08:00:00,3064.1
2024-10-20 12:00:00,3031.6
2024-10-20 16:00:00,3031.1
2024-10-20 20:00:00,3003.4
2024-10-21 00:00:00,2999.2
2024-10-21 04:00:00,2989.3
2024-10-21 08:00:00,2993.8
2024-10-21 12:00:00,2990.2
2024-10-21 16:00:00,2996.3
2024-10-21 20:00:00,2993.9
2024-10-22 00:00:00,3003.3
2024-10-22 04:00:00,2998.0
2024-10-22 08:00:00,3010.4
2024-10-22 12:00:00,3016.9
2024-10-22 16:00:00,3024.0
2024-10-22 20:00:00,3028.5
2024-10-23 00:00:00,3026.0
2024-10-23 04:00:00,3032.3
2024-10-23 08:00:00,3032.7
2024-10-23 12:00:00,3048.4
2024-10-23 16:00:00,3062.7
2024-10-23 20:00:00,3061.0
2024-10-24 00:00:00,3061.9
2024-10-24 04:00:00,3063.3
2024-10-24 08:00:00,3073.6
2024-10-24 12:00:00,3088.8
2024-10-24 16:00:00,3095.0
2024-10-24 20:00:00,3095.3
2024-10-25 00:00:00,3102.6
2024-10-25 04:00:00,3122.3
2024-10-25 08:00:00,3104.4
2024-10-25 12:00:00,3110.5
2024-10-25 16:00:00,3122.8
2024-10-25 20:00:00,3182.2
2024-10-26 00:00:00,3165.3
2024-10-26 04:00:00,3158.6
2024-10-26 08:00:00,3150.8
2024-10-26 12:00:00,3160.8
2024-10-26 16:00:00,3139.6
2024-10-26 20:00:00,3139.4
2024-10-27 00:00:00,3137.3
2024-10-27 04:00:00,3136.0
2024-10-27 08:00:00,3145.4
2024-10-27 12:00:00,3137.6
2024-10-27 16:00:00,3141.4
2024-10-27 20:00:00,3136.3
2024-10-28 00:00:00,3156.7
2024-10-28 04:00:00,3155.5
2024-10-28 08:00:00,3153.9
2024-10-28 12:00:00,3177.6
2024-10-28 16:00:00,3197.4
2024-10-28 20:00:00,3163.5
2024-10-29 00:00:00,3153.1
2024-10-29 04:00:00,3160.6
2024-10-29 08:00:00,3161.7
2024-10-29 12:00:00,3179.9
2024-10-29 16:00:00,3212.8
2024-10-29 20:00:00,3201.3
2024-10-30 00:00:00,3181.1
2024-10-30 04:00:00,3175.8
2024-10-30 08:00:00,3191.9
2024-10-30 12:00:00,3178.8
2024-10-30 16:00:00,3183.8
2024-10-30 20:00:00,3200.1
2024-10-31 00:00:00,3205.9
2024-10-31 04:00:00,3219.7
2024-10-31 08:00:00,3223.5
2024-10-31 12:00:00,3229.3
2024-10-31 16:00:00,3257.9
2024-10-31 20:00:00,3254.4
2024-11-01 00:00:00,3227.6
2024-11-01 04:00:00,3236.3
2024-11-01 08:00:00,3241.3
2024-11-01 12:00:00,3241.4
2024-11-01 16:00:00,3223.4
2024-11-01 20:00:00,3236.0
2024-11-02 00:00:00,3236.5
2024-11-02 04:00:00,3243.6
2024-11-02 08:00:00,3250.4
2024-11-02 12:00:00,3263.8
2024-11-02 16:00:00,3256.3
2024-11-02 20:00:00,3248.7
2024-11-03 00:00:00,3265.2
2024-11-03 04:00:00,3259.4
2024-11-03 08:00:00,3263.9
2024-11-03 12:00:00,3284.8
2024-11-03 16:00:00,3292.6
2024-11-03 20:00:00,3286.4
2024-11-04 00:00:00,3282.2
2024-11-04 04:00:00,3283.0
2024-11-04 08:00:00,3267.3
2024-11-04 12:00:00,3281.7
2024-11-04 16:00:00,3271.2
2024-11-04 20:00:00,3299.9
2024-11-05 00:00:00,3293.0
2024-11-05 04:00:00,3291.2
2024-11-05 08:00:00,3289.0
2024-11-05 12:00:00,3304.7
2024-11-05 16:00:00,3314.3
2024-11-05 20:00:00,3305.4
2024-11-06 00:00:00,3312.0
2024-11-06 04:00:00,3267.5
2024-11-06 08:00:00,3273.9
2024-11-06 12:00:00,3282.0
2024-11-06 16:00:00,3298.5
2024-11-06 20:00:00,3259.2
2024-11-07 00:00:00,3137.3
2024-11-07 04:00:00,3164.6
2024-11-07 08:00:00,3185.8
2024-11-07 12:00:00,3179.7
2024-11-07 16:00:00,3166.9
2024-11-07 20:00:00,3136.0
2024-11-08 00:00:00,3131.2
2024-11-08 04:00:00,3124.3
2024-11-08 08:00:00,3113.5
2024-11-08 12:00:00,3114.3
2024-11-08 16:00:00,3129.9
2024-11-08 20:00:00,3100.6
2024-11-09 00:00:00,3080.4
2024-11-09 04:00:00,3042.7
2024-11-09 08:00:00,3025.9
2024-11-09 12:00:00,3039.5
2024-11-09 16:00:00,3021.2
2024-11-09 20:00:00,2977.2
2024-11-10 00:00:00,2973.3
2024-11-10 04:00:00,2986.1
2024-11-10 08:00:00,2989.1
2024-11-10 12:00:00,2967.9
2024-11-10 16:00:00,2999.0
2024-11-10 20:00:00,3015.9
2024-11-11 00:00:00,3037.1
2024-11-11 04:00:00,3085.6
2024-11-11 08:00:00,3051.6
2024-11-11 12:00:00,3096.5
2024-11-11 16:00:00,3123.6
2024-11-11 20:00:00,3131.9
2024-11-12 00:00:00,3133.6
2024-11-12 04:00:00,3142.3
2024-11-12 08:00:00,3160.2
2024-11-12 12:00:00,3155.2
2024-11-12 16:00:00,3201.8
2024-11-12 20:00:00,3195.7
2024-11-13 00:00:00,3241.4
2024-11-13 04:00:00,3271.0
2024-11-13 08:00:00,3265.8
2024-11-13 12:00:00,3300.0
2024-11-13 16:00:00,3355.6
2024-11-13 20:00:00,3319.2
2024-11-14 00:00:00,3270.0
2024-11-14 04:00:00,3273.8
2024-11-14 08:00:00,3338.3
2024-11-14 12:00:00,3300.5
2024-11-14 16:00:00,3270.7
2024-11-14 20:00:00,3291.3
2024-11-15 00:00:00,3289.9
2024-11-15 04:00:00,3308.8
2024-11-15 08:00:00,3312.7
2024-11-15 12:00:00,3337.0
2024-11-15 16:00:00,3361.3
2024-11-15 20:00:00,3327.8
2024-11-16 00:00:00,3282.9
2024-11-16 04:00:00,3303.4
2024-11-16 08:00:00,3234.5
2024-11-16 12:00:00,3248.1
2024-11-16 16:00:00,3225.8
2024-11-16 20:00:00,3243.4
2024-11-17 00:00:00,3282.6
2024-11-17 04:00:00,3210.5
2024-11-17 08:00:00,3254.2
2024-11-17 12:00:00,3241.9
2024-11-17 16:00:00,3241.9
2024-11-17 20:00:00,3237.8
2024-11-18 00:00:00,3208.6
2024-11-18 04:00:00,3225.2
2024-11-18 08:00:00,3245.8
2024-11-18 12:00:00,3236.5
2024-11-18 16:00:00,3220.8
2024-11-18 20:00:00,3159.2
2024-11-19 00:00:00,3210.6
2024-11-19 04:00:00,3231.0
2024-11-19 08:00:00,3227.6
2024-11-19 12:00:00,3270.7
2024-11-19 16:00:00,3276.5
2024-11-19 20:00:00,3270.1
2024-11-20 00:00:00,3289.1
2024-11-20 04:00:00,3298.1
2024-11-20 08:00:00,3312.0
2024-11-20 12:00:00,3334.5
2024-11-20 16:00:00,3396.7
2024-11-20 20:00:00,3384.1
2024-11-21 00:00:00,3442.3
2024-11-21 04:00:00,3409.7
2024-11-21 08:00:00,3443.4
2024-11-21 12:00:00,3323.6
2024-11-21 16:00:00,3295.4
2024-11-21 20:00:00,3283.9
2024-11-22 00:00:00,3236.9
2024-11-22 04:00:00,3267.2
2024-11-22 08:00:00,3237.1
2024-11-22 12:00:00,3242.3
2024-11-22 16:00:00,3273.1
2024-11-22 20:00:00,3207.6
2024-11-23 00:00:00,3139.6
2024-11-23 04:00:00,3110.5
2024-11-23 08:00:00,3094.8
2024-11-23 12:00:00,3028.4
2024-11-23 16:00:00,3075.7
2024-11-23 20:00:00,3085.4
2024-11-24 00:00:00,3054.6
2024-11-24 04:00:00,3067.5
2024-11-24 08:00:00,3137.0
2024-11-24 12:00:00,3166.2
2024-11-24 16:00:00,3119.7
2024-11-24 20:00:00,3114.7
2024-11-25 00:00:00,3125.8
2024-11-25 04:00:00,3093.8
2024-11-25 08:00:00,3061.2
2024-11-25 12:00:00,3020.4
2024-11-25 16:00:00,3015.4
2024-11-25 20:00:00,3024.1
2024-11-26 00:00:00,3035.8
2024-11-26 04:00:00,3042.7
2024-11-26 08:00:00,3103.7
2024-11-26 12:00:00,3122.7
2024-11-26 16:00:00,3079.7
2024-11-26 20:00:00,3056.0
2024-11-27 00:00:00,3060.8
2024-11-27 04:00:00,3034.9
2024-11-27 08:00:00,3007.7
2024-11-27 12:00:00,3002.6
2024-11-27 16:00:00,3021.3
2024-11-27 20:00:00,2967.1
2024-11-28 00:00:00,2978.4
2024-11-28 04:00:00,2991.6
2024-11-28 08:00:00,2981.7
2024-11-28 12:00:00,3024.4
2024-11-28 16:00:00,2984.9
2024-11-28 20:00:00,2980.0
2024-11-29 00:00:00,2993.7
2024-11-29 04:00:00,2990.7
2024-11-29 08:00:00,2983.2
2024-11-29 12:00:00,2984.6
2024-11-29 16:00:00,2977.2
2024-11-29 20:00:00,2958.8
2024-11-30 00:00:00,2910.9
2024-11-30 04:00:00,2862.7
2024-11-30 08:00:00,2888.0
2024-11-30 12:00:00,2893.9
2024-11-30 16:00:00,2887.3
2024-11-30 20:00:00,2873.6
2024-12-01 00:00:00,2889.3
2024-12-01 04:00:00,2894.6
2024-12-01 08:00:00,2900.3
2024-12-01 12:00:00,2872.0
2024-12-01 16:00:00,2870.7
2024-12-01 20:00:00,2847.8
2024-12-02 00:00:00,2842.3
2024-12-02 04:00:00,2841.8
2024-12-02 08:00:00,2891.6
2024-12-02 12:00:00,2840.4
2024-12-02 16:00:00,2839.4
2024-12-02 20:00:00,2803.9
2024-12-03 00:00:00,2795.5
2024-12-03 04:00:00,2801.3
2024-12-03 08:00:00,2772.6
2024-12-03 12:00:00,2845.6
2024-12-03 16:00:00,2797.8
2024-12-03 20:00:00,2754.5
2024-12-04 00:00:00,2720.5
2024-12-04 04:00:00,2707.1
2024-12-04 08:00:00,2690.1
2024-12-04 12:00:00,2663.2
2024-12-04 16:00:00,2710.3
2024-12-04 20:00:00,2761.3
2024-12-05 00:00:00,2900.6
2024-12-05 04:00:00,2845.9
2024-12-05 08:00:00,2801.7
2024-12-05 12:00:00,2795.4
2024-12-05 16:00:00,2775.2
2024-12-05 20:00:00,2754.1
2024-12-06 00:00:00,2699.4
2024-12-06 04:00:00,2719.9
2024-12-06 08:00:00,2751.9
2024-12-06 12:00:00,2724.4
2024-12-06 16:00:00,2739.2
2024-12-06 20:00:00,2713.1
2024-12-07 00:00:00,2704.5
2024-12-07 04:00:00,2699.3
2024-12-07 08:00:00,2695.7
2024-12-07 12:00:00,2675.2
2024-12-07 16:00:00,2684.0
2024-12-07 20:00:00,2677.9
2024-12-08 00:00:00,2678.1
2024-12-08 04:00:00,2688.3
2024-12-08 08:00:00,2699.7
2024-12-08 12:00:00,2695.5
2024-12-08 16:00:00,2697.6
2024-12-08 20:00:00,2707.7
2024-12-09 00:00:00,2728.0
2024-12-09 04:00:00,2754.2
2024-12-09 08:00:00,2784.3
2024-12-09 12:00:00,2779.3
2024-12-09 16:00:00,2767.4
2024-12-09 20:00:00,2909.2
2024-12-10 00:00:00,2941.7
2024-12-10 04:00:00,2896.0
2024-12-10 08:00:00,2900.6
2024-12-10 12:00:00,3014.4
2024-12-10 16:00:00,2957.0
2024-12-10 20:00:00,2916.4
2024-12-11 00:00:00,2929.9
2024-12-11 04:00:00,2943.2
2024-12-11 08:00:00,2902.7
2024-12-11 12:00:00,2885.0
2024-12-11 16:00:00,2894.6
2024-12-11 20:00:00,2889.3
2024-12-12 00:00:00,2825.6
2024-12-12 04:00:00,2812.8
2024-12-12 08:00:00,2818.7
2024-12-12 12:00:00,2831.2
2024-12-12 16:00:00,2829.5
2024-12-12 20:00:00,2837.1
2024-12-13 00:00:00,2808.0
2024-12-13 04:00:00,2857.8
2024-12-13 08:00:00,2844.2
2024-12-13 12:00:00,2841.8
2024-12-13 16:00:00,2857.6
2024-12-13 20:00:00,2849.8
2024-12-14 00:00:00,2857.0
2024-12-14 04:00:00,2842.4
2024-12-14 08:00:00,2865.5
2024-12-14 12:00:00,2887.7
2024-12-14 16:00:00,2909.7
2024-12-14 20:00:00,2901.2
2024-12-15 00:00:00,2908.9
2024-12-15 04:00:00,2934.3
2024-12-15 08:00:00,2931.8
2024-12-15 12:00:00,2914.3
2024-12-15 16:00:00,2923.2
2024-12-15 20:00:00,2922.4
2024-12-16 00:00:00,2955.2
2024-12-16 04:00:00,2946.9
2024-12-16 08:00:00,2983.1
2024-12-16 12:00:00,3018.0
2024-12-16 16:00:00,2958.0
2024-12-16 20:00:00,2978.2
2024-12-17 00:00:00,2985.3
2024-12-17 04:00:00,3000.7
2024-12-17 08:00:00,2957.0
2024-12-17 12:00:00,2995.5
2024-12-17 16:00:00,2978.1
2024-12-17 20:00:00,3013.2
2024-12-18 00:00:00,3010.6
2024-12-18 04:00:00,3009.6
2024-12-18 08:00:00,2996.0
2024-12-18 12:00:00,3016.0
2024-12-18 16:00:00,3037.2
2024-12-18 20:00:00,3072.4
2024-12-19 00:00:00,3067.3
2024-12-19 04:00:00,3063.9
2024-12-19 08:00:00,3068.2
2024-12-19 12:00:00,3106.0
2024-12-19 16:00:00,3172.6
2024-12-19 20:00:00,3177.6
2024-12-20 00:00:00,3133.9
2024-12-20 04:00:00,3190.8
2024-12-20 08:00:00,3365.5
2024-12-20 12:00:00,3217.7
2024-12-20 16:00:00,3138.9
2024-12-20 20:00:00,3132.0
2024-12-21 00:00:00,3115.0
2024-12-21 04:00:00,3087.0
2024-12-21 08:00:00,3137.9
2024-12-21 12:00:00,3187.1
2024-12-21 16:00:00,3220.2
2024-12-21 20:00:00,3232.7
2024-12-22 00:00:00,3209.0
2024-12-22 04:00:00,3199.8
2024-12-22 08:00:00,3181.9
2024-12-22 12:00:00,3199.6
2024-12-22 16:00:00,3226.6
2024-12-22 20:00:00,3210.7
2024-12-23 00:00:00,3166.2
2024-12-23 04:00:00,3201.5
2024-12-23 08:00:00,3182.6
2024-12-23 12:00:00,3156.6
2024-12-23 16:00:00,3077.7
2024-12-23 20:00:00,3061.2
2024-12-24 00:00:00,3059.4
2024-12-24 04:00:00,3053.9
2024-12-24 08:00:00,3052.5
2024-12-24 12:00:00,3093.3
2024-12-24 16:00:00,3097.5
2024-12-24 20:00:00,3104.6
2024-12-25 00:00:00,3098.9
2024-12-25 04:00:00,3104.5
2024-12-25 08:00:00,3113.1
2024-12-25 12:00:00,3123.1
2024-12-25 16:00:00,3127.2
2024-12-25 20:00:00,3139.7
2024-12-26 00:00:00,3157.5
2024-12-26 04:00:00,3155.9
2024-12-26 08:00:00,3139.3
2024-12-26 12:00:00,3178.0
2024-12-26 16:00:00,3180.7
2024-12-26 20:00:00,3180.1
2024-12-27 00:00:00,3168.7
2024-12-27 04:00:00,3163.7
2024-12-27 08:00:00,3133.2
2024-12-27 12:00:00,3153.6
2024-12-27 16:00:00,3124.1
2024-12-27 20:00:00,3143.9
2024-12-28 00:00:00,3140.7
2024-12-28 04:00:00,3142.1
2024-12-28 08:00:00,3127.5
2024-12-28 12:00:00,3100.3
2024-12-28 16:00:00,3083.5
2024-12-28 20:00:00,3092.3
2024-12-29 00:00:00,3095.4
2024-12-29 04:00:00,3083.2
2024-12-29 08:00:00,3090.8
2024-12-29 12:00:00,3094.7
2024-12-29 16:00:00,3088.1
2024-12-29 20:00:00,3118.5
2024-12-30 00:00:00,3085.6
2024-12-30 04:00:00,3081.6
2024-12-30 08:00:00,3085.1
2024-12-30 12:00:00,3114.3
2024-12-30 16:00:00,3095.4
2024-12-30 20:00:00,3092.1
2024-12-31 00:00:00,3109.2
2024-12-31 04:00:00,3113.0
2024-12-31 08:00:00,3111.6
2024-12-31 12:00:00,3113.0
2024-12-31 16:00:00,3127.3
2024-12-31 20:00:00,3130.7
2025-01-01 00:00:00,3119.2
2025-01-01 04:00:00,3117.9
2025-01-01 08:00:00,3109.9
2025-01-01 12:00:00,3104.0
2025-01-01 16:00:00,3076.0
2025-01-01 20:00:00,3065.5
2025-01-02 00:00:00,3038.2
2025-01-02 04:00:00,3042.9
2025-01-02 08:00:00,3025.3
2025-01-02 12:00:00,3032.1
2025-01-02 16:00:00,3062.7
2025-01-02 20:00:00,3049.2
2025-01-03 00:00:00,3023.8
2025-01-03 04:00:00,3031.8
2025-01-03 08:00:00,3003.5
2025-01-03 12:00:00,2959.9
2025-01-03 16:00:00,2955.3
2025-01-03 20:00:00,2950.1
2025-01-04 00:00:00,2949.6
2025-01-04 04:00:00,2958.0
2025-01-04 08:00:00,2948.6
2025-01-04 12:00:00,2955.0
2025-01-04 16:00:00,2950.6
2025-01-04 20:00:00,2937.7
2025-01-05 00:00:00,2955.1
2025-01-05 04:00:00,2959.1
2025-01-05 08:00:00,2963.1
2025-01-05 12:00:00,2965.1
2025-01-05 16:00:00,2962.3
2025-01-05 20:00:00,2960.5
2025-01-06 00:00:00,2958.7
2025-01-06 04:00:00,2983.5
2025-01-06 08:00:00,2973.7
2025-01-06 12:00:00,3009.4
2025-01-06 16:00:00,3012.9
2025-01-06 20:00:00,3031.9
2025-01-07 00:00:00,3025.1
2025-01-07 04:00:00,3025.6
2025-01-07 08:00:00,3018.9
2025-01-07 12:00:00,3066.5
2025-01-07 16:00:00,3082.9
2025-01-07 20:00:00,3114.3
2025-01-08 00:00:00,3108.8
2025-01-08 04:00:00,3106.6
2025-01-08 08:00:00,3084.2
2025-01-08 12:00:00,3095.5
2025-01-08 16:00:00,3106.5
2025-01-08 20:00:00,3083.7
2025-01-09 00:00:00,3066.5
2025-01-09 04:00:00,3084.0
2025-01-09 08:00:00,3079.6
2025-01-09 12:00:00,3086.6
2025-01-09 16:00:00,3112.4
2025-01-09 20:00:00,3118.0
2025-01-10 00:00:00,3116.3
2025-01-10 04:00:00,3098.7
2025-01-10 08:00:00,3109.6
2025-01-10 12:00:00,3119.6
2025-01-10 16:00:00,3116.0
2025-01-10 20:00:00,3119.7
2025-01-11 00:00:00,3127.1
2025-01-11 04:00:00,3128.2
2025-01-11 08:00:00,3099.2
2025-01-11 12:00:00,3101.1
2025-01-11 16:00:00,3070.2
2025-01-11 20:00:00,3061.1
2025-01-12 00:00:00,3066.0
2025-01-12 04:00:00,3069.6
2025-01-12 08:00:00,3084.8
2025-01-12 12:00:00,3083.0
2025-01-12 16:00:00,3074.6
2025-01-12 20:00:00,3090.4
2025-01-13 00:00:00,3112.7
2025-01-13 04:00:00,3132.3
2025-01-13 08:00:00,3177.1
2025-01-13 12:00:00,3172.0
2025-01-13 16:00:00,3198.4
2025-01-13 20:00:00,3169.1
2025-01-14 00:00:00,3163.5
2025-01-14 04:00:00,3160.2
2025-01-14 08:00:00,3168.6
2025-01-14 12:00:00,3166.8
2025-01-14 16:00:00,3146.9
2025-01-14 20:00:00,3139.0
2025-01-15 00:00:00,3121.8
2025-01-15 04:00:00,3115.1
2025-01-15 08:00:00,3152.7
2025-01-15 12:00:00,3083.2
2025-01-15 16:00:00,3052.6
2025-01-15 20:00:00,3023.0
2025-01-16 00:00:00,3058.5
2025-01-16 04:00:00,3047.2
2025-01-16 08:00:00,3008.6
2025-01-16 12:00:00,2998.2
2025-01-16 16:00:00,3000.6
2025-01-16 20:00:00,3038.4
2025-01-17 00:00:00,3023.7
2025-01-17 04:00:00,3023.4
2025-01-17 08:00:00,3006.2
2025-01-17 12:00:00,3074.8
2025-01-17 16:00:00,3115.9
2025-01-17 20:00:00,3037.6
2025-01-18 00:00:00,3079.6
2025-01-18 04:00:00,3127.9
2025-01-18 08:00:00,3118.3
2025-01-18 12:00:00,3131.0
2025-01-18 16:00:00,3127.1
2025-01-18 20:00:00,3106.3
2025-01-19 00:00:00,3115.6
2025-01-19 04:00:00,3157.7
2025-01-19 08:00:00,3244.0
2025-01-19 12:00:00,3117.3
2025-01-19 16:00:00,3115.0
2025-01-19 20:00:00,3179.0
2025-01-20 00:00:00,3149.4
2025-01-20 04:00:00,3184.3
2025-01-20 08:00:00,3200.9
2025-01-20 12:00:00,3159.7
2025-01-20 16:00:00,3158.9
2025-01-20 20:00:00,3160.2
2025-01-21 00:00:00,3205.9
2025-01-21 04:00:00,3196.9
2025-01-21 08:00:00,3178.8
2025-01-21 12:00:00,3187.4
2025-01-21 16:00:00,3216.9
2025-01-21 20:00:00,3212.8
2025-01-22 00:00:00,3189.6
2025-01-22 04:00:00,3199.2
2025-01-22 08:00:00,3167.1
2025-01-22 12:00:00,3182.7
2025-01-22 16:00:00,3181.6
2025-01-22 20:00:00,3183.0
2025-01-23 00:00:00,3181.0
2025-01-23 04:00:00,3187.8
2025-01-23 08:00:00,3196.9
2025-01-23 12:00:00,3244.0
2025-01-23 16:00:00,3256.6
2025-01-23 20:00:00,3177.6
2025-01-24 00:00:00,3198.6
2025-01-24 04:00:00,3174.7
2025-01-24 08:00:00,3156.5
2025-01-24 12:00:00,3190.6
2025-01-24 16:00:00,3203.4
2025-01-24 20:00:00,3230.7
2025-01-25 00:00:00,3220.0
2025-01-25 04:00:00,3229.4
2025-01-25 08:00:00,3224.3
2025-01-25 12:00:00,3205.2
2025-01-25 16:00:00,3203.5
2025-01-25 20:00:00,3215.0
2025-01-26 00:00:00,3198.5
2025-01-26 04:00:00,3197.0
2025-01-26 08:00:00,3213.7
2025-01-26 12:00:00,3223.1
2025-01-26 16:00:00,3205.5
2025-01-26 20:00:00,3249.5
2025-01-27 00:00:00,3262.3
2025-01-27 04:00:00,3320.1
2025-01-27 08:00:00,3326.0
2025-01-27 12:00:00,3292.0
2025-01-27 16:00:00,3299.1
2025-01-27 20:00:00,3261.2
2025-01-28 00:00:00,3257.3
2025-01-28 04:00:00,3257.4
2025-01-28 08:00:00,3259.0
2025-01-28 12:00:00,3259.8
2025-01-28 16:00:00,3296.5
2025-01-28 20:00:00,3329.8
2025-01-29 00:00:00,3300.6
2025-01-29 04:00:00,3294.1
2025-01-29 08:00:00,3312.2
2025-01-29 12:00:00,3329.5
2025-01-29 16:00:00,3349.9
2025-01-29 20:00:00,3370.8
2025-01-30 00:00:00,3325.4
2025-01-30 04:00:00,3329.7
2025-01-30 08:00:00,3317.7
2025-01-30 12:00:00,3302.0
2025-01-30 16:00:00,3296.5
2025-01-30 20:00:00,3287.0
2025-01-31 00:00:00,3302.0
2025-01-31 04:00:00,3289.5
2025-01-31 08:00:00,3248.2
2025-01-31 12:00:00,3220.6
2025-01-31 16:00:00,3214.1
2025-01-31 20:00:00,3231.8
2025-02-01 00:00:00,3226.3
2025-02-01 04:00:00,3237.7
2025-02-01 08:00:00,3258.8
2025-02-01 12:00:00,3275.2
2025-02-01 16:00:00,3314.9
2025-02-01 20:00:00,3364.2
2025-02-02 00:00:00,3377.5
2025-02-02 04:00:00,3353.7
2025-02-02 08:00:00,3382.8
2025-02-02 12:00:00,3378.7
2025-02-02 16:00:00,3507.1
2025-02-02 20:00:00,3573.8
2025-02-03 00:00:00,3886.4
2025-02-03 04:00:00,3740.3
2025-02-03 08:00:00,3779.9
2025-02-03 12:00:00,3731.8
2025-02-03 16:00:00,3699.0
2025-02-03 20:00:00,3622.6
2025-02-04 00:00:00,3651.1
2025-02-04 04:00:00,3793.0
2025-02-04 08:00:00,3717.5
2025-02-04 12:00:00,3683.9
2025-02-04 16:00:00,3698.6
2025-02-04 20:00:00,3714.1
2025-02-05 00:00:00,3730.6
2025-02-05 04:00:00,3701.2
2025-02-05 08:00:00,3674.4
2025-02-05 12:00:00,3713.1
2025-02-05 16:00:00,3726.0
2025-02-05 20:00:00,3722.3
2025-02-06 00:00:00,3702.5
2025-02-06 04:00:00,3704.1
2025-02-06 08:00:00,3746.9
2025-02-06 12:00:00,3839.0
2025-02-06 16:00:00,3821.6
2025-02-06 20:00:00,3826.7
2025-02-07 00:00:00,3815.1
2025-02-07 04:00:00,3814.9
2025-02-07 08:00:00,3760.1
2025-02-07 12:00:00,3785.9
2025-02-07 16:00:00,3803.9
2025-02-07 20:00:00,3834.7
2025-02-08 00:00:00,3839.9
2025-02-08 04:00:00,3820.8
2025-02-08 08:00:00,3822.6
2025-02-08 12:00:00,3816.3
2025-02-08 16:00:00,3780.0
2025-02-08 20:00:00,3779.7
2025-02-09 00:00:00,3728.5
2025-02-09 04:00:00,3736.3
2025-02-09 08:00:00,3750.7
2025-02-09 12:00:00,3750.4
2025-02-09 16:00:00,3772.6
2025-02-09 20:00:00,3787.0
2025-02-10 00:00:00,3806.4
2025-02-10 04:00:00,3799.6
2025-02-10 08:00:00,3788.8
2025-02-10 12:00:00,3774.9
2025-02-10 16:00:00,3761.5
2025-02-10 20:00:00,3763.9
2025-02-11 00:00:00,3739.0
2025-02-11 04:00:00,3688.6
2025-02-11 08:00:00,3690.2
2025-02-11 12:00:00,3708.4
2025-02-11 16:00:00,3731.6
2025-02-11 20:00:00,3726.2
2025-02-12 00:00:00,3745.8
2025-02-12 04:00:00,3744.1
2025-02-12 08:00:00,3722.3
2025-02-12 12:00:00,3736.0
2025-02-12 16:00:00,3692.6
2025-02-12 20:00:00,3662.0
2025-02-13 00:00:00,3632.5
2025-02-13 04:00:00,3651.4
2025-02-13 08:00:00,3663.9
2025-02-13 12:00:00,3671.8
2025-02-13 16:00:00,3685.2
2025-02-13 20:00:00,3669.5
2025-02-14 00:00:00,3633.0
2025-02-14 04:00:00,3653.8
2025-02-14 08:00:00,3611.6
2025-02-14 12:00:00,3582.4
2025-02-14 16:00:00,3595.8
2025-02-14 20:00:00,3618.1
2025-02-15 00:00:00,3601.2
2025-02-15 04:00:00,3628.0
2025-02-15 08:00:00,3629.6
2025-02-15 12:00:00,3642.5
2025-02-15 16:00:00,3654.0
2025-02-15 20:00:00,3650.6
2025-02-16 00:00:00,3642.6
2025-02-16 04:00:00,3653.1
2025-02-16 08:00:00,3627.7
2025-02-16 12:00:00,3636.2
2025-02-16 16:00:00,3657.0
2025-02-16 20:00:00,3637.7
2025-02-17 00:00:00,3639.6
2025-02-17 04:00:00,3657.5
2025-02-17 08:00:00,3595.3
2025-02-17 12:00:00,3603.3
2025-02-17 16:00:00,3642.3
2025-02-17 20:00:00,3627.8
2025-02-18 00:00:00,3661.0
2025-02-18 04:00:00,3741.8
2025-02-18 08:00:00,3730.9
2025-02-18 12:00:00,3761.7
2025-02-18 16:00:00,3743.6
2025-02-18 20:00:00,3742.8
2025-02-19 00:00:00,3730.7
2025-02-19 04:00:00,3711.1
2025-02-19 08:00:00,3694.1
2025-02-19 12:00:00,3717.0
2025-02-19 16:00:00,3711.0
2025-02-19 20:00:00,3699.0
2025-02-20 00:00:00,3691.0
2025-02-20 04:00:00,3708.5
2025-02-20 08:00:00,3705.9
2025-02-20 12:00:00,3727.7
2025-02-20 16:00:00,3723.6
2025-02-20 20:00:00,3724.7
2025-02-21 00:00:00,3739.8
2025-02-21 04:00:00,3719.4
2025-02-21 08:00:00,3710.8
2025-02-21 12:00:00,3756.8
2025-02-21 16:00:00,3780.0
2025-02-21 20:00:00,3771.7
2025-02-22 00:00:00,3758.9
2025-02-22 04:00:00,3747.6
2025-02-22 08:00:00,3716.8
2025-02-22 12:00:00,3692.6
2025-02-22 16:00:00,3684.0
2025-02-22 20:00:00,3699.1
2025-02-23 00:00:00,3708.9
2025-02-23 04:00:00,3651.7
2025-02-23 08:00:00,3674.1
2025-02-23 12:00:00,3690.7
2025-02-23 16:00:00,3672.9
2025-02-23 20:00:00,3671.0
2025-02-24 00:00:00,3772.2
2025-02-24 04:00:00,3780.2
2025-02-24 08:00:00,3812.1
2025-02-24 12:00:00,3825.3
2025-02-24 16:00:00,3844.3
2025-02-24 20:00:00,3927.9
2025-02-25 00:00:00,3982.4
2025-02-25 04:00:00,4020.0
2025-02-25 08:00:00,3934.7
2025-02-25 12:00:00,3868.8
2025-02-25 16:00:00,3800.3
2025-02-25 20:00:00,3787.0
2025-02-26 00:00:00,3791.3
2025-02-26 04:00:00,3815.5
2025-02-26 08:00:00,3827.3
2025-02-26 12:00:00,3798.6
2025-02-26 16:00:00,3828.7
2025-02-26 20:00:00,3777.3
2025-02-27 00:00:00,3803.4
2025-02-27 04:00:00,3805.0
2025-02-27 08:00:00,3823.5
2025-02-27 12:00:00,3819.0
2025-02-27 16:00:00,3803.7
2025-02-27 20:00:00,3813.3
2025-02-28 00:00:00,3893.0
2025-02-28 04:00:00,3876.5
2025-02-28 08:00:00,3891.0
2025-02-28 12:00:00,3862.6
2025-02-28 16:00:00,3867.4
2025-02-28 20:00:00,3856.5
2025-03-01 00:00:00,3863.0
2025-03-01 04:00:00,3879.0
2025-03-01 08:00:00,3923.9
2025-03-01 12:00:00,3934.1
2025-03-01 16:00:00,3914.6
2025-03-01 20:00:00,3921.8
2025-03-02 00:00:00,3889.4
2025-03-02 04:00:00,3894.9
2025-03-02 08:00:00,3876.5
2025-03-02 12:00:00,3784.8
2025-03-02 16:00:00,3706.1
2025-03-02 20:00:00,3674.8
2025-03-03 00:00:00,3742.5
2025-03-03 04:00:00,3823.2
2025-03-03 08:00:00,3888.4
2025-03-03 12:00:00,3861.0
2025-03-03 16:00:00,3972.6
2025-03-03 20:00:00,3961.6
2025-03-04 00:00:00,4001.8
2025-03-04 04:00:00,3948.0
2025-03-04 08:00:00,3947.6
2025-03-04 12:00:00,3906.6
2025-03-04 16:00:00,3989.0
2025-03-04 20:00:00,3954.4
2025-03-05 00:00:00,3956.6
2025-03-05 04:00:00,3937.6
2025-03-05 08:00:00,3986.9
2025-03-05 12:00:00,3984.8
2025-03-05 16:00:00,3980.9
2025-03-05 20:00:00,3988.3
2025-03-06 00:00:00,3975.3
2025-03-06 04:00:00,3970.2
2025-03-06 08:00:00,3921.8
2025-03-06 12:00:00,3932.4
2025-03-06 16:00:00,3927.5
2025-03-06 20:00:00,3976.7
2025-03-07 00:00:00,3956.5
2025-03-07 04:00:00,3944.5
2025-03-07 08:00:00,3955.0
2025-03-07 12:00:00,3932.1
2025-03-07 16:00:00,3930.7
2025-03-07 20:00:00,3987.2
2025-03-08 00:00:00,3966.4
2025-03-08 04:00:00,3971.5
2025-03-08 08:00:00,3992.1
2025-03-08 12:00:00,3964.1
2025-03-08 16:00:00,3921.7
2025-03-08 20:00:00,3962.6
2025-03-09 00:00:00,3980.1
2025-03-09 04:00:00,3964.2
2025-03-09 08:00:00,4009.5
2025-03-09 12:00:00,4026.0
2025-03-09 16:00:00,4093.2
2025-03-09 20:00:00,4049.2
2025-03-10 00:00:00,4049.3
2025-03-10 04:00:00,4036.8
2025-03-10 08:00:00,4022.8
2025-03-10 12:00:00,4052.1
2025-03-10 16:00:00,4184.2
2025-03-10 20:00:00,4218.9
2025-03-11 00:00:00,4249.9
2025-03-11 04:00:00,4183.6
2025-03-11 08:00:00,4206.8
2025-03-11 12:00:00,4192.5
2025-03-11 16:00:00,4192.4
2025-03-11 20:00:00,4246.1
2025-03-12 00:00:00,4283.2
2025-03-12 04:00:00,4229.2
2025-03-12 08:00:00,4216.7
2025-03-12 12:00:00,4223.5
2025-03-12 16:00:00,4238.0
2025-03-12 20:00:00,4234.2
2025-03-13 00:00:00,4253.5
2025-03-13 04:00:00,4258.7
2025-03-13 08:00:00,4185.0
2025-03-13 12:00:00,4133.4
2025-03-13 16:00:00,4155.0
2025-03-13 20:00:00,4166.6
2025-03-14 00:00:00,4155.3
2025-03-14 04:00:00,4169.6
2025-03-14 08:00:00,4192.5
2025-03-14 12:00:00,4194.2
2025-03-14 16:00:00,4172.1
2025-03-14 20:00:00,4165.6
2025-03-15 00:00:00,4144.2
2025-03-15 04:00:00,4137.8
2025-03-15 08:00:00,4116.2
2025-03-15 12:00:00,4100.2
2025-03-15 16:00:00,4103.5
2025-03-15 20:00:00,4095.2
2025-03-16 00:00:00,4117.4
2025-03-16 04:00:00,4122.0
2025-03-16 08:00:00,4160.3
2025-03-16 12:00:00,4184.4
2025-03-16 16:00:00,4198.8
2025-03-16 20:00:00,4163.0
2025-03-17 00:00:00,4138.2
2025-03-17 04:00:00,4136.3
2025-03-17 08:00:00,4123.9
2025-03-17 12:00:00,4116.4
2025-03-17 16:00:00,4125.8
2025-03-17 20:00:00,4129.3
2025-03-18 00:00:00,4157.9
2025-03-18 04:00:00,4142.9
2025-03-18 08:00:00,4147.8
2025-03-18 12:00:00,4133.3
2025-03-18 16:00:00,4117.8
2025-03-18 20:00:00,4099.1
2025-03-19 00:00:00,4100.7
2025-03-19 04:00:00,4123.9
2025-03-19 08:00:00,4044.2
2025-03-19 12:00:00,3983.2
2025-03-19 16:00:00,4044.9
2025-03-19 20:00:00,4051.7
2025-03-20 00:00:00,4060.4
2025-03-20 04:00:00,4076.9
2025-03-20 08:00:00,4076.4
2025-03-20 12:00:00,4083.0
2025-03-20 16:00:00,4063.6
2025-03-20 20:00:00,4055.5
2025-03-21 00:00:00,4078.7
2025-03-21 04:00:00,4058.8
2025-03-21 08:00:00,4085.9
2025-03-21 12:00:00,4093.4
2025-03-21 16:00:00,4065.9
2025-03-21 20:00:00,4090.8
2025-03-22 00:00:00,4077.7
2025-03-22 04:00:00,4075.9
2025-03-22 08:00:00,4066.9
2025-03-22 12:00:00,4076.8
2025-03-22 16:00:00,4063.7
2025-03-22 20:00:00,4076.1
2025-03-23 00:00:00,4057.0
2025-03-23 04:00:00,4054.0
2025-03-23 08:00:00,4065.2
2025-03-23 12:00:00,4091.8
2025-03-23 16:00:00,4105.7
2025-03-23 20:00:00,4119.2
2025-03-24 00:00:00,4114.9
2025-03-24 04:00:00,4081.2
2025-03-24 08:00:00,4068.8
2025-03-24 12:00:00,4086.1
2025-03-24 16:00:00,4076.6
2025-03-24 20:00:00,4066.2
2025-03-25 00:00:00,4070.8
2025-03-25 04:00:00,4046.8
2025-03-25 08:00:00,4058.4
2025-03-25 12:00:00,4066.5
2025-03-25 16:00:00,4072.1
2025-03-25 20:00:00,4055.6
2025-03-26 00:00:00,4069.4
2025-03-26 04:00:00,4057.4
2025-03-26 08:00:00,4052.2
2025-03-26 12:00:00,4092.4
2025-03-26 16:00:00,4122.1
2025-03-26 20:00:00,4137.1
2025-03-27 00:00:00,4118.8
2025-03-27 04:00:00,4111.2
2025-03-27 08:00:00,4119.7
2025-03-27 12:00:00,4124.2
2025-03-27 16:00:00,4124.2
2025-03-27 20:00:00,4135.0
2025-03-28 00:00:00,4140.0
2025-03-28 04:00:00,4220.1
2025-03-28 08:00:00,4225.5
2025-03-28 12:00:00,4230.0
2025-03-28 16:00:00,4226.4
2025-03-28 20:00:00,4219.9
2025-03-29 00:00:00,4231.1
2025-03-29 04:00:00,4274.4
2025-03-29 08:00:00,4276.1
2025-03-29 12:00:00,4263.4
2025-03-29 16:00:00,4284.4
2025-03-29 20:00:00,4286.2
2025-03-30 00:00:00,4266.6
2025-03-30 04:00:00,4266.8
2025-03-30 08:00:00,4283.4
2025-03-30 12:00:00,4299.6
2025-03-30 16:00:00,4282.1
2025-03-30 20:00:00,4293.4
2025-03-31 00:00:00,4295.5
2025-03-31 04:00:00,4328.2
2025-03-31 08:00:00,4328.0
2025-03-31 12:00:00,4313.5
2025-03-31 16:00:00,4297.5
2025-03-31 20:00:00,4308.1
2025-04-01 00:00:00,4298.9
2025-04-01 04:00:00,4303.4
2025-04-01 08:00:00,4294.6
2025-04-01 12:00:00,4276.0
2025-04-01 16:00:00,4301.8
2025-04-01 20:00:00,4314.2
2025-04-02 00:00:00,4353.7
2025-04-02 04:00:00,4356.5
2025-04-02 08:00:00,4349.9
2025-04-02 12:00:00,4367.0
2025-04-02 16:00:00,4372.2
2025-04-02 20:00:00,4419.4
2025-04-03 00:00:00,4391.1
2025-04-03 04:00:00,4416.2
2025-04-03 08:00:00,4459.1
2025-04-03 12:00:00,4449.8
2025-04-03 16:00:00,4411.8
2025-04-03 20:00:00,4416.4
2025-04-04 00:00:00,4437.0
2025-04-04 04:00:00,4424.8
2025-04-04 08:00:00,4459.0
2025-04-04 12:00:00,4385.6
2025-04-04 16:00:00,4412.1
2025-04-04 20:00:00,4396.6
2025-04-05 00:00:00,4408.1
2025-04-05 04:00:00,4392.7
2025-04-05 08:00:00,4386.0
2025-04-05 12:00:00,4408.0
2025-04-05 16:00:00,4415.2
2025-04-05 20:00:00,4406.5
2025-04-06 00:00:00,4412.0
2025-04-06 04:00:00,4436.3
2025-04-06 08:00:00,4435.8
2025-04-06 12:00:00,4484.0
2025-04-06 16:00:00,4592.0
2025-04-06 20:00:00,4641.7
2025-04-07 00:00:00,4726.9
2025-04-07 04:00:00,4841.9
2025-04-07 08:00:00,4801.4
2025-04-07 12:00:00,4680.3
2025-04-07 16:00:00,4671.6
2025-04-07 20:00:00,4686.9
2025-04-08 00:00:00,4651.8
2025-04-08 04:00:00,4677.8
2025-04-08 08:00:00,4609.6
2025-04-08 12:00:00,4662.9
2025-04-08 16:00:00,4741.7
2025-04-08 20:00:00,4710.3
2025-04-09 00:00:00,4762.5
2025-04-09 04:00:00,4727.2
2025-04-09 08:00:00,4741.7
2025-04-09 12:00:00,4704.3
2025-04-09 16:00:00,4597.1
2025-04-09 20:00:00,4555.5
2025-04-10 00:00:00,4628.8
2025-04-10 04:00:00,4646.1
2025-04-10 08:00:00,4668.8
2025-04-10 12:00:00,4680.4
2025-04-10 16:00:00,4671.6
2025-04-10 20:00:00,4645.6
2025-04-11 00:00:00,4647.5
2025-04-11 04:00:00,4650.6
2025-04-11 08:00:00,4683.5
2025-04-11 12:00:00,4691.5
2025-04-11 16:00:00,4724.0
2025-04-11 20:00:00,4713.4
2025-04-12 00:00:00,4718.0
2025-04-12 04:00:00,4673.8
2025-04-12 08:00:00,4638.7
2025-04-12 12:00:00,4564.5
2025-04-12 16:00:00,4592.3
2025-04-12 20:00:00,4580.5
2025-04-13 00:00:00,4627.4
2025-04-13 04:00:00,4610.5
2025-04-13 08:00:00,4594.4
2025-04-13 12:00:00,4620.7
2025-04-13 16:00:00,5286.6
2025-04-13 20:00:00,5191.1
2025-04-14 00:00:00,5132.5
2025-04-14 04:00:00,5137.6
2025-04-14 08:00:00,5081.3
2025-04-14 12:00:00,5168.7
2025-04-14 16:00:00,5154.3
2025-04-14 20:00:00,5178.0
2025-04-15 00:00:00,5179.4
2025-04-15 04:00:00,5190.3
2025-04-15 08:00:00,5221.5
2025-04-15 12:00:00,5231.1
2025-04-15 16:00:00,5211.2
2025-04-15 20:00:00,5248.7
2025-04-16 00:00:00,5236.5
2025-04-16 04:00:00,5282.0
2025-04-16 08:00:00,5278.6
2025-04-16 12:00:00,5288.1
2025-04-16 16:00:00,5249.0
2025-04-16 20:00:00,5256.2
2025-04-17 00:00:00,5262.3
2025-04-17 04:00:00,5236.1
2025-04-17 08:00:00,5236.6
2025-04-17 12:00:00,5252.4
2025-04-17 16:00:00,5269.5
2025-04-17 20:00:00,5268.7
2025-04-18 00:00:00,5270.6
2025-04-18 04:00:00,5251.7
2025-04-18 08:00:00,5241.7
2025-04-18 12:00:00,5249.7
2025-04-18 16:00:00,5223.4
2025-04-18 20:00:00,5240.6
2025-04-19 00:00:00,5214.7
2025-04-19 04:00:00,5220.0
2025-04-19 08:00:00,5239.2
2025-04-19 12:00:00,5233.8
2025-04-19 16:00:00,5209.3
2025-04-19 20:00:00,5204.0
2025-04-20 00:00:00,5200.1
2025-04-20 04:00:00,5212.4
2025-04-20 08:00:00,5248.0
2025-04-20 12:00:00,5248.3
2025-04-20 16:00:00,5218.3
2025-04-20 20:00:00,5245.0
2025-04-21 00:00:00,5263.1
2025-04-21 04:00:00,5232.7
2025-04-21 08:00:00,5252.7
2025-04-21 12:00:00,5316.4
2025-04-21 16:00:00,5374.6
2025-04-21 20:00:00,5381.4
2025-04-22 00:00:00,5411.2
2025-04-22 04:00:00,5353.1
2025-04-22 08:00:00,5341.6
2025-04-22 12:00:00,5315.2
2025-04-22 16:00:00,5359.5
2025-04-22 20:00:00,5322.3
2025-04-23 00:00:00,5253.9
2025-04-23 04:00:00,5281.7
2025-04-23 08:00:00,5237.7
2025-04-23 12:00:00,5255.5
2025-04-23 16:00:00,5300.4
2025-04-23 20:00:00,5293.9
2025-04-24 00:00:00,5323.9
2025-04-24 04:00:00,5318.5
2025-04-24 08:00:00,5348.6
2025-04-24 12:00:00,5287.6
2025-04-24 16:00:00,5302.3
2025-04-24 20:00:00,5297.8
2025-04-25 00:00:00,5307.5
2025-04-25 04:00:00,5260.1
2025-04-25 08:00:00,5285.2
2025-04-25 12:00:00,5309.0
2025-04-25 16:00:00,5342.7
2025-04-25 20:00:00,5349.4
2025-04-26 00:00:00,5310.9
2025-04-26 04:00:00,5288.4
2025-04-26 08:00:00,5319.5
2025-04-26 12:00:00,5302.3
2025-04-26 16:00:00,5280.3
2025-04-26 20:00:00,5286.3
2025-04-27 00:00:00,5310.0
2025-04-27 04:00:00,5319.3
2025-04-27 08:00:00,5299.3
2025-04-27 12:00:00,5295.6
2025-04-27 16:00:00,5260.1
2025-04-27 20:00:00,5275.5
2025-04-28 00:00:00,5287.3
2025-04-28 04:00:00,5241.0
2025-04-28 08:00:00,5263.6
2025-04-28 12:00:00,5327.1
2025-04-28 16:00:00,5295.8
2025-04-28 20:00:00,5310.0
2025-04-29 00:00:00,5287.6
2025-04-29 04:00:00,5273.6
2025-04-29 08:00:00,5281.9
2025-04-29 12:00:00,5297.2
2025-04-29 16:00:00,5308.1
2025-04-29 20:00:00,5325.9
2025-04-30 00:00:00,5335.5
2025-04-30 04:00:00,5362.4
2025-04-30 08:00:00,5344.8
2025-04-30 12:00:00,5431.4
2025-04-30 16:00:00,5381.5
2025-04-30 20:00:00,5366.3
2025-05-01 00:00:00,5369.1
2025-05-01 04:00:00,5364.1
2025-05-01 08:00:00,5333.7
2025-05-01 12:00:00,5369.4
2025-05-01 16:00:00,5377.8
2025-05-01 20:00:00,5390.0
2025-05-02 00:00:00,5408.2
2025-05-02 04:00:00,5443.1
2025-05-02 08:00:00,5424.8
2025-05-02 12:00:00,5437.8
2025-05-02 16:00:00,5442.9
2025-05-02 20:00:00,5431.5
2025-05-03 00:00:00,5409.9
2025-05-03 04:00:00,5432.2
2025-05-03 08:00:00,5434.3
2025-05-03 12:00:00,5416.2
2025-05-03 16:00:00,5434.4
2025-05-03 20:00:00,5420.6
2025-05-04 00:00:00,5422.1
2025-05-04 04:00:00,5422.1
2025-05-04 08:00:00,5427.5
2025-05-04 12:00:00,5427.8
2025-05-04 16:00:00,5456.8
2025-05-04 20:00:00,5433.6
2025-05-05 00:00:00,5429.1
2025-05-05 04:00:00,5390.0
2025-05-05 08:00:00,5419.7
2025-05-05 12:00:00,5420.3
2025-05-05 16:00:00,5403.1
2025-05-05 20:00:00,5441.4
2025-05-06 00:00:00,5456.9
2025-05-06 04:00:00,5455.4
2025-05-06 08:00:00,5506.2
2025-05-06 12:00:00,5524.6
2025-05-06 16:00:00,5499.2
2025-05-06 20:00:00,5522.4
2025-05-07 00:00:00,5502.0
2025-05-07 04:00:00,5512.0
2025-05-07 08:00:00,5519.6
2025-05-07 12:00:00,5570.3
2025-05-07 16:00:00,5566.7
2025-05-07 20:00:00,5556.6
2025-05-08 00:00:00,5486.9
2025-05-08 04:00:00,5442.3
2025-05-08 08:00:00,5388.4
2025-05-08 12:00:00,5317.2
2025-05-08 16:00:00,5265.7
2025-05-08 20:00:00,5208.5
2025-05-09 00:00:00,5227.1
2025-05-09 04:00:00,5084.6
2025-05-09 08:00:00,5001.8
2025-05-09 12:00:00,5063.7
2025-05-09 16:00:00,5048.8
2025-05-09 20:00:00,5005.6
2025-05-10 00:00:00,4997.3
2025-05-10 04:00:00,4952.1
2025-05-10 08:00:00,4987.0
2025-05-10 12:00:00,4912.0
2025-05-10 16:00:00,4849.0
2025-05-10 20:00:00,4771.6
2025-05-11 00:00:00,4824.8
2025-05-11 04:00:00,4902.7
2025-05-11 08:00:00,4890.9
2025-05-11 12:00:00,4963.9
2025-05-11 16:00:00,4915.3
2025-05-11 20:00:00,4904.6
2025-05-12 00:00:00,4863.6
2025-05-12 04:00:00,4821.1
2025-05-12 08:00:00,4781.6
2025-05-12 12:00:00,4724.0
2025-05-12 16:00:00,4768.6
2025-05-12 20:00:00,4758.2
2025-05-13 00:00:00,4891.9
2025-05-13 04:00:00,4851.6
2025-05-13 08:00:00,4824.3
2025-05-13 12:00:00,4770.9
2025-05-13 16:00:00,4680.3
2025-05-13 20:00:00,4650.3
2025-05-14 00:00:00,4675.1
2025-05-14 04:00:00,4655.3
2025-05-14 08:00:00,4683.8
2025-05-14 12:00:00,4733.4
2025-05-14 16:00:00,4723.8
2025-05-14 20:00:00,4740.2
2025-05-15 00:00:00,4765.6
2025-05-15 04:00:00,4813.5
2025-05-15 08:00:00,4801.3
2025-05-15 12:00:00,4829.5
2025-05-15 16:00:00,4869.0
2025-05-15 20:00:00,4913.3
2025-05-16 00:00:00,4865.9
2025-05-16 04:00:00,4832.9
2025-05-16 08:00:00,4814.6
2025-05-16 12:00:00,4859.0
2025-05-16 16:00:00,4868.5
2025-05-16 20:00:00,4924.8
2025-05-17 00:00:00,4982.8
2025-05-17 04:00:00,4970.3
2025-05-17 08:00:00,4973.0
2025-05-17 12:00:00,4995.7
2025-05-17 16:00:00,5018.8
2025-05-17 20:00:00,5007.6
2025-05-18 00:00:00,5008.9
2025-05-18 04:00:00,4955.8
2025-05-18 08:00:00,4961.8
2025-05-18 12:00:00,4908.4
2025-05-18 16:00:00,5085.0
2025-05-18 20:00:00,5047.9
2025-05-19 00:00:00,5116.6
2025-05-19 04:00:00,5117.8
2025-05-19 08:00:00,5088.8
2025-05-19 12:00:00,5096.2
2025-05-19 16:00:00,5048.7
2025-05-19 20:00:00,5048.3
2025-05-20 00:00:00,5022.6
2025-05-20 04:00:00,5039.4
2025-05-20 08:00:00,5075.5
2025-05-20 12:00:00,5096.9
2025-05-20 16:00:00,5139.9
2025-05-20 20:00:00,5103.8
2025-05-21 00:00:00,5075.8
2025-05-21 04:00:00,5061.2
2025-05-21 08:00:00,5076.8
2025-05-21 12:00:00,5105.3
2025-05-21 16:00:00,5142.5
2025-05-21 20:00:00,5139.0
2025-05-22 00:00:00,5127.8
2025-05-22 04:00:00,5082.0
2025-05-22 08:00:00,5048.9
2025-05-22 12:00:00,5060.2
2025-05-22 16:00:00,5089.5
2025-05-22 20:00:00,5059.6
2025-05-23 00:00:00,4950.0
2025-05-23 04:00:00,5028.3
2025-05-23 08:00:00,5096.8
2025-05-23 12:00:00,5087.4
2025-05-23 16:00:00,5100.4
2025-05-23 20:00:00,5137.4
2025-05-24 00:00:00,5123.3
2025-05-24 04:00:00,5100.8
2025-05-24 08:00:00,5131.0
2025-05-24 12:00:00,5139.6
2025-05-24 16:00:00,5138.4
2025-05-24 20:00:00,5126.2
2025-05-25 00:00:00,5166.3
2025-05-25 04:00:00,5179.2
2025-05-25 08:00:00,5188.6
2025-05-25 12:00:00,5169.6
2025-05-25 16:00:00,5162.9
2025-05-25 20:00:00,5159.2
2025-05-26 00:00:00,5169.2
2025-05-26 04:00:00,5157.1
2025-05-26 08:00:00,5165.1
2025-05-26 12:00:00,5181.3
2025-05-26 16:00:00,5193.9
2025-05-26 20:00:00,5181.1
2025-05-27 00:00:00,5187.9
2025-05-27 04:00:00,5136.4
2025-05-27 08:00:00,5096.4
2025-05-27 12:00:00,5080.6
2025-05-27 16:00:00,5062.5
2025-05-27 20:00:00,5054.5
2025-05-28 00:00:00,5077.8
2025-05-28 04:00:00,5093.5
2025-05-28 08:00:00,5066.7
2025-05-28 12:00:00,5064.6
2025-05-28 16:00:00,5087.9
2025-05-28 20:00:00,5027.7
2025-05-29 00:00:00,4957.2
2025-05-29 04:00:00,4988.6
2025-05-29 08:00:00,5023.3
2025-05-29 12:00:00,5044.4
2025-05-29 16:00:00,5012.6
2025-05-29 20:00:00,5027.8
2025-05-30 00:00:00,5093.0
2025-05-30 04:00:00,5087.3
2025-05-30 08:00:00,5110.6
2025-05-30 12:00:00,5137.7
2025-05-30 16:00:00,5115.9
2025-05-30 20:00:00,5200.0
2025-05-31 00:00:00,5253.9
2025-05-31 04:00:00,5225.0
2025-05-31 08:00:00,5229.4
2025-05-31 12:00:00,5211.9
2025-05-31 16:00:00,5193.2
2025-05-31 20:00:00,5213.4
2025-06-01 00:00:00,5231.8
2025-06-01 04:00:00,5237.1
2025-06-01 08:00:00,5262.6
2025-06-01 12:00:00,5247.2
2025-06-01 16:00:00,5246.3
2025-06-01 20:00:00,5237.4
2025-06-02 00:00:00,5270.3
2025-06-02 04:00:00,5275.3
2025-06-02 08:00:00,5267.2
2025-06-02 12:00:00,5214.5
2025-06-02 16:00:00,5230.4
2025-06-02 20:00:00,5178.3
2025-06-03 00:00:00,5150.2
2025-06-03 04:00:00,5136.3
2025-06-03 08:00:00,5137.2
2025-06-03 12:00:00,5147.6
2025-06-03 16:00:00,5137.1
2025-06-03 20:00:00,5166.2
2025-06-04 00:00:00,5125.6
2025-06-04 04:00:00,5116.9
2025-06-04 08:00:00,5117.6
2025-06-04 12:00:00,5090.8
2025-06-04 16:00:00,5139.6
2025-06-04 20:00:00,5169.4
2025-06-05 00:00:00,5160.4
2025-06-05 04:00:00,5160.9
2025-06-05 08:00:00,5172.4
2025-06-05 12:00:00,5186.3
2025-06-05 16:00:00,5206.0
2025-06-05 20:00:00,5328.7
2025-06-06 00:00:00,5298.1
2025-06-06 04:00:00,5330.3
2025-06-06 08:00:00,5315.6
2025-06-06 12:00:00,5304.0
2025-06-06 16:00:00,5306.0
2025-06-06 20:00:00,5333.2
2025-06-07 00:00:00,5321.1
2025-06-07 04:00:00,5288.0
2025-06-07 08:00:00,5299.8
2025-06-07 12:00:00,5298.3
2025-06-07 16:00:00,5319.2
2025-06-07 20:00:00,5300.5
2025-06-08 00:00:00,5322.3
2025-06-08 04:00:00,5303.6
2025-06-08 08:00:00,5299.2
2025-06-08 12:00:00,5287.6
2025-06-08 16:00:00,5261.5
2025-06-08 20:00:00,5280.5
2025-06-09 00:00:00,5307.3
2025-06-09 04:00:00,5318.2
2025-06-09 08:00:00,5329.0
2025-06-09 12:00:00,5330.4
2025-06-09 16:00:00,5306.1
2025-06-09 20:00:00,5245.4
2025-06-10 00:00:00,5228.4
2025-06-10 04:00:00,5235.2
2025-06-10 08:00:00,5131.6
2025-06-10 12:00:00,5169.2
2025-06-10 16:00:00,5127.0
2025-06-10 20:00:00,5100.1
2025-06-11 00:00:00,5104.1
2025-06-11 04:00:00,5079.1
2025-06-11 08:00:00,5098.5
2025-06-11 12:00:00,5028.3
2025-06-11 16:00:00,5080.7
2025-06-11 20:00:00,5124.6
2025-06-12 00:00:00,5121.2
2025-06-12 04:00:00,5134.9
2025-06-12 08:00:00,5135.4
2025-06-12 12:00:00,5147.8
2025-06-12 16:00:00,5188.4
2025-06-12 20:00:00,5206.6
2025-06-13 00:00:00,5350.3
2025-06-13 04:00:00,5350.2
2025-06-13 08:00:00,5333.5
2025-06-13 12:00:00,5337.2
2025-06-13 16:00:00,5363.5
2025-06-13 20:00:00,5324.8
2025-06-14 00:00:00,5326.0
2025-06-14 04:00:00,5330.4
2025-06-14 08:00:00,5327.4
2025-06-14 12:00:00,5364.6
2025-06-14 16:00:00,5387.8
2025-06-14 20:00:00,5382.7
2025-06-15 00:00:00,5372.0
2025-06-15 04:00:00,5373.9
2025-06-15 08:00:00,5359.8
2025-06-15 12:00:00,5343.9
2025-06-15 16:00:00,5335.7
2025-06-15 20:00:00,5329.3
2025-06-16 00:00:00,5311.5
2025-06-16 04:00:00,5270.9
2025-06-16 08:00:00,5271.4
2025-06-16 12:00:00,5250.2
2025-06-16 16:00:00,5256.6
2025-06-16 20:00:00,5371.0
2025-06-17 00:00:00,5324.1
2025-06-17 04:00:00,5314.7
2025-06-17 08:00:00,5334.9
2025-06-17 12:00:00,5342.7
2025-06-17 16:00:00,5330.8
2025-06-17 20:00:00,5359.1
2025-06-18 00:00:00,5357.7
2025-06-18 04:00:00,5341.7
2025-06-18 08:00:00,5393.8
2025-06-18 12:00:00,5397.7
2025-06-18 16:00:00,5378.5
2025-06-18 20:00:00,5366.3
2025-06-19 00:00:00,5379.1
2025-06-19 04:00:00,5375.9
2025-06-19 08:00:00,5373.2
2025-06-19 12:00:00,5389.4
2025-06-19 16:00:00,5364.5
2025-06-19 20:00:00,5355.8
2025-06-20 00:00:00,5376.6
2025-06-20 04:00:00,5381.8
2025-06-20 08:00:00,5383.8
2025-06-20 12:00:00,5405.0
2025-06-20 16:00:00,5463.4
2025-06-20 20:00:00,5470.8
2025-06-21 00:00:00,5456.5
2025-06-21 04:00:00,5449.6
2025-06-21 08:00:00,5453.0
2025-06-21 12:00:00,5494.4
2025-06-21 16:00:00,5506.7
2025-06-21 20:00:00,5623.3
2025-06-22 00:00:00,5661.5
2025-06-22 04:00:00,5647.6
2025-06-22 08:00:00,5705.0
2025-06-22 12:00:00,5736.8
2025-06-22 16:00:00,5719.3
2025-06-22 20:00:00,5709.5
2025-06-23 00:00:00,5700.8
2025-06-23 04:00:00,5692.4
2025-06-23 08:00:00,5684.9
2025-06-23 12:00:00,5689.9
2025-06-23 16:00:00,5636.6
2025-06-23 20:00:00,5533.9
2025-06-24 00:00:00,5541.6
2025-06-24 04:00:00,5529.0
2025-06-24 08:00:00,5521.5
2025-06-24 12:00:00,5494.2
2025-06-24 16:00:00,5500.1
2025-06-24 20:00:00,5502.9
2025-06-25 00:00:00,5524.6
2025-06-25 04:00:00,5531.1
2025-06-25 08:00:00,5574.5
2025-06-25 12:00:00,5631.5
2025-06-25 16:00:00,5609.7
2025-06-25 20:00:00,5632.8
2025-06-26 00:00:00,5559.4
2025-06-26 04:00:00,5568.0
2025-06-26 08:00:00,5605.1
2025-06-26 12:00:00,5665.9
2025-06-26 16:00:00,5666.7
2025-06-26 20:00:00,5689.3
2025-06-27 00:00:00,5661.0
2025-06-27 04:00:00,5659.7
2025-06-27 08:00:00,5643.3
2025-06-27 12:00:00,5652.6
2025-06-27 16:00:00,5671.1
2025-06-27 20:00:00,5636.1
2025-06-28 00:00:00,5631.9
2025-06-28 04:00:00,5605.4
2025-06-28 08:00:00,5601.2
2025-06-28 12:00:00,5586.9
2025-06-28 16:00:00,5568.4
2025-06-28 20:00:00,5569.1
2025-06-29 00:00:00,5578.8
2025-06-29 04:00:00,5568.8
2025-06-29 08:00:00,5588.1
2025-06-29 12:00:00,5595.6
2025-06-29 16:00:00,5566.6
2025-06-29 20:00:00,5514.5
2025-06-30 00:00:00,5539.6
2025-06-30 04:00:00,5524.8
2025-06-30 08:00:00,5563.4
2025-06-30 12:00:00,5503.6
2025-06-30 16:00:00,5398.2
2025-06-30 20:00:00,5457.7
2025-07-01 00:00:00,5467.7
2025-07-01 04:00:00,5507.7
2025-07-01 08:00:00,5519.0
2025-07-01 12:00:00,5544.8
2025-07-01 16:00:00,5566.0
2025-07-01 20:00:00,5560.9
2025-07-02 00:00:00,5548.0
2025-07-02 04:00:00,5549.1
2025-07-02 08:00:00,5580.6
2025-07-02 12:00:00,5542.8
2025-07-02 16:00:00,5438.7
2025-07-02 20:00:00,5461.9
2025-07-03 00:00:00,5453.1
2025-07-03 04:00:00,5397.9
2025-07-03 08:00:00,5412.0
2025-07-03 12:00:00,5475.8
2025-07-03 16:00:00,5466.4
2025-07-03 20:00:00,5453.6
2025-07-04 00:00:00,5456.9
2025-07-04 04:00:00,5517.0
2025-07-04 08:00:00,5499.1
2025-07-04 12:00:00,5529.3
2025-07-04 16:00:00,5547.8
2025-07-04 20:00:00,5526.4
2025-07-05 00:00:00,5523.2
2025-07-05 04:00:00,5512.2
2025-07-05 08:00:00,5519.6
2025-07-05 12:00:00,5530.3
2025-07-05 16:00:00,5538.8
2025-07-05 20:00:00,5521.7
2025-07-06 00:00:00,5523.5
2025-07-06 04:00:00,5511.1
2025-07-06 08:00:00,5495.1
2025-07-06 12:00:00,5453.6
2025-07-06 16:00:00,5460.8
2025-07-06 20:00:00,5460.8
2025-07-07 00:00:00,5451.2
2025-07-07 04:00:00,5436.3
2025-07-07 08:00:00,5429.1
2025-07-07 12:00:00,5434.1
2025-07-07 16:00:00,5441.7
2025-07-07 20:00:00,5461.5
2025-07-08 00:00:00,5457.4
2025-07-08 04:00:00,5457.8
2025-07-08 08:00:00,5424.2
2025-07-08 12:00:00,5429.2
2025-07-08 16:00:00,5382.6
2025-07-08 20:00:00,5386.8
2025-07-09 00:00:00,5382.7
2025-07-09 04:00:00,5336.8
2025-07-09 08:00:00,5333.6
2025-07-09 12:00:00,5302.5
2025-07-09 16:00:00,5294.6
2025-07-09 20:00:00,5270.0
2025-07-10 00:00:00,5251.0
2025-07-10 04:00:00,5225.5
2025-07-10 08:00:00,5226.3
2025-07-10 12:00:00,5256.1
2025-07-10 16:00:00,5252.9
2025-07-10 20:00:00,5204.7
2025-07-11 00:00:00,5202.1
2025-07-11 04:00:00,5242.8
2025-07-11 08:00:00,5206.2
2025-07-11 12:00:00,5131.2
2025-07-11 16:00:00,5092.2
2025-07-11 20:00:00,5180.7
2025-07-12 00:00:00,5137.3
2025-07-12 04:00:00,5160.0
2025-07-12 08:00:00,5160.5
2025-07-12 12:00:00,5250.2
2025-07-12 16:00:00,5209.0
2025-07-12 20:00:00,5201.5
2025-07-13 00:00:00,5184.2
2025-07-13 04:00:00,5156.6
2025-07-13 08:00:00,5165.9
2025-07-13 12:00:00,5144.1
2025-07-13 16:00:00,5150.9
2025-07-13 20:00:00,5183.0
2025-07-14 00:00:00,5130.9
2025-07-14 04:00:00,5180.8
2025-07-14 08:00:00,5136.9
2025-07-14 12:00:00,5136.8
2025-07-14 16:00:00,5153.4
2025-07-14 20:00:00,5141.3
2025-07-15 00:00:00,5146.9
2025-07-15 04:00:00,5105.5
2025-07-15 08:00:00,5096.6
2025-07-15 12:00:00,5026.0
2025-07-15 16:00:00,5023.3
2025-07-15 20:00:00,4962.9
2025-07-16 00:00:00,4981.8
2025-07-16 04:00:00,4953.8
2025-07-16 08:00:00,4971.1
2025-07-16 12:00:00,4907.0
2025-07-16 16:00:00,4771.6
2025-07-16 20:00:00,4757.2
2025-07-17 00:00:00,4794.7
2025-07-17 04:00:00,4661.8
2025-07-17 08:00:00,4614.2
2025-07-17 12:00:00,4658.1
2025-07-17 16:00:00,4665.9
2025-07-17 20:00:00,4556.7
2025-07-18 00:00:00,4450.7
2025-07-18 04:00:00,4447.8
2025-07-18 08:00:00,4436.2
2025-07-18 12:00:00,4464.3
2025-07-18 16:00:00,4446.7
2025-07-18 20:00:00,4474.6
2025-07-19 00:00:00,4443.2
2025-07-19 04:00:00,4443.7
2025-07-19 08:00:00,4491.9
2025-07-19 12:00:00,4477.3
2025-07-19 16:00:00,4443.9
2025-07-19 20:00:00,4431.4
2025-07-20 00:00:00,4383.2
2025-07-20 04:00:00,4372.1
2025-07-20 08:00:00,4297.9
2025-07-20 12:00:00,4289.9
2025-07-20 16:00:00,4284.5
2025-07-20 20:00:00,4266.6
2025-07-21 00:00:00,4281.2
2025-07-21 04:00:00,4268.3
2025-07-21 08:00:00,4211.2
2025-07-21 12:00:00,4184.5
2025-07-21 16:00:00,4218.6
2025-07-21 20:00:00,4204.2
2025-07-22 00:00:00,4230.7
2025-07-22 04:00:00,4299.7
2025-07-22 08:00:00,4307.4
2025-07-22 12:00:00,4286.2
2025-07-22 16:00:00,4329.3
2025-07-22 20:00:00,4268.5
2025-07-23 00:00:00,4257.5
2025-07-23 04:00:00,4288.8
2025-07-23 08:00:00,4310.5
2025-07-23 12:00:00,4397.9
2025-07-23 16:00:00,4494.6
2025-07-23 20:00:00,4480.9
2025-07-24 00:00:00,4455.8
2025-07-24 04:00:00,4560.7
2025-07-24 08:00:00,4497.5
2025-07-24 12:00:00,4422.3
2025-07-24 16:00:00,4427.0
2025-07-24 20:00:00,4463.1
2025-07-25 00:00:00,4465.4
2025-07-25 04:00:00,4439.5
2025-07-25 08:00:00,4394.2
2025-07-25 12:00:00,4462.2
2025-07-25 16:00:00,4454.0
2025-07-25 20:00:00,4388.6
2025-07-26 00:00:00,4384.8
2025-07-26 04:00:00,4372.5
2025-07-26 08:00:00,4380.4
2025-07-26 12:00:00,4377.0
2025-07-26 16:00:00,4370.0
2025-07-26 20:00:00,4375.9
2025-07-27 00:00:00,4346.5
2025-07-27 04:00:00,4352.6
2025-07-27 08:00:00,4336.1
2025-07-27 12:00:00,4337.9
2025-07-27 16:00:00,4330.0
2025-07-27 20:00:00,4304.0
2025-07-28 00:00:00,4269.7
2025-07-28 04:00:00,4246.9
2025-07-28 08:00:00,4266.5
2025-07-28 12:00:00,4340.9
2025-07-28 16:00:00,4356.0
2025-07-28 20:00:00,4382.3
2025-07-29 00:00:00,4394.2
2025-07-29 04:00:00,4333.6
2025-07-29 08:00:00,4376.8
2025-07-29 12:00:00,4405.0
2025-07-29 16:00:00,4404.0
2025-07-29 20:00:00,4390.0
2025-07-30 00:00:00,4382.9
2025-07-30 04:00:00,4402.5
2025-07-30 08:00:00,4466.8
2025-07-30 12:00:00,4418.7
2025-07-30 16:00:00,4428.2
2025-07-30 20:00:00,4417.6
2025-07-31 00:00:00,4380.8
2025-07-31 04:00:00,4377.1
2025-07-31 08:00:00,4389.9
2025-07-31 12:00:00,4451.0
2025-07-31 16:00:00,4448.7
2025-07-31 20:00:00,4463.8
2025-08-01 00:00:00,4471.8
2025-08-01 04:00:00,4506.5
2025-08-01 08:00:00,4514.0
2025-08-01 12:00:00,4515.3
2025-08-01 16:00:00,4504.0
2025-08-01 20:00:00,4565.7
2025-08-02 00:00:00,4547.0
2025-08-02 04:00:00,4555.6
2025-08-02 08:00:00,4580.9
2025-08-02 12:00:00,4632.0
2025-08-02 16:00:00,4691.2
2025-08-02 20:00:00,4696.0
2025-08-03 00:00:00,4666.8
2025-08-03 04:00:00,4643.0
2025-08-03 08:00:00,4620.0
2025-08-03 12:00:00,4620.7
2025-08-03 16:00:00,4616.7
2025-08-03 20:00:00,4599.0
2025-08-04 00:00:00,4551.0
2025-08-04 04:00:00,4545.4
2025-08-04 08:00:00,4549.3
2025-08-04 12:00:00,4479.6
2025-08-04 16:00:00,4456.3
2025-08-04 20:00:00,4411.6
2025-08-05 00:00:00,4448.5
2025-08-05 04:00:00,4483.6
2025-08-05 08:00:00,4432.9
2025-08-05 12:00:00,4499.9
2025-08-05 16:00:00,4540.5
2025-08-05 20:00:00,4517.7
2025-08-06 00:00:00,4542.8
2025-08-06 04:00:00,4495.8
2025-08-06 08:00:00,4514.1
2025-08-06 12:00:00,4489.1
2025-08-06 16:00:00,4472.2
2025-08-06 20:00:00,4471.4
2025-08-07 00:00:00,4483.4
2025-08-07 04:00:00,4443.8
2025-08-07 08:00:00,4385.9
2025-08-07 12:00:00,4398.2
2025-08-07 16:00:00,4392.4
2025-08-07 20:00:00,4293.0
2025-08-08 00:00:00,4243.7
2025-08-08 04:00:00,4250.6
2025-08-08 08:00:00,4254.8
2025-08-08 12:00:00,4252.4
2025-08-08 16:00:00,4156.8
2025-08-08 20:00:00,4208.0
2025-08-09 00:00:00,4169.2
2025-08-09 04:00:00,4102.6
2025-08-09 08:00:00,4109.2
2025-08-09 12:00:00,4103.4
2025-08-09 16:00:00,4067.1
2025-08-09 20:00:00,4085.4
2025-08-10 00:00:00,4126.3
2025-08-10 04:00:00,4182.4
2025-08-10 08:00:00,4205.4
2025-08-10 12:00:00,4187.5
2025-08-10 16:00:00,4163.9
2025-08-10 20:00:00,4189.2
2025-08-11 00:00:00,4200.6
2025-08-11 04:00:00,4240.3
2025-08-11 08:00:00,4277.7
2025-08-11 12:00:00,4193.8
2025-08-11 16:00:00,4212.3
2025-08-11 20:00:00,4235.9
2025-08-12 00:00:00,4197.0
2025-08-12 04:00:00,4186.6
2025-08-12 08:00:00,4192.0
2025-08-12 12:00:00,4102.8
2025-08-12 16:00:00,4015.5
2025-08-12 20:00:00,4006.9
2025-08-13 00:00:00,3952.0
2025-08-13 04:00:00,3955.1
2025-08-13 08:00:00,3937.4
2025-08-13 12:00:00,3980.7
2025-08-13 16:00:00,3991.3
2025-08-13 20:00:00,4007.3
2025-08-14 00:00:00,3953.8
2025-08-14 04:00:00,3939.8
2025-08-14 08:00:00,3948.9
2025-08-14 12:00:00,3965.8
2025-08-14 16:00:00,4013.9
2025-08-14 20:00:00,4018.7
2025-08-15 00:00:00,3976.8
2025-08-15 04:00:00,3968.2
2025-08-15 08:00:00,3985.5
2025-08-15 12:00:00,4077.7
2025-08-15 16:00:00,4083.8
2025-08-15 20:00:00,4049.0
2025-08-16 00:00:00,4042.2
2025-08-16 04:00:00,4024.1
2025-08-16 08:00:00,4077.1
2025-08-16 12:00:00,4068.1
2025-08-16 16:00:00,4056.2
2025-08-16 20:00:00,4038.3
2025-08-17 00:00:00,4018.4
2025-08-17 04:00:00,4013.1
2025-08-17 08:00:00,3971.1
2025-08-17 12:00:00,3950.9
2025-08-17 16:00:00,4008.5
2025-08-17 20:00:00,3993.6
2025-08-18 00:00:00,4057.6
2025-08-18 04:00:00,4105.3
2025-08-18 08:00:00,4088.5
2025-08-18 12:00:00,4069.8
2025-08-18 16:00:00,4055.6
2025-08-18 20:00:00,4072.1
2025-08-19 00:00:00,4112.8
2025-08-19 04:00:00,4101.1
2025-08-19 08:00:00,4064.1
2025-08-19 12:00:00,4115.5
2025-08-19 16:00:00,4136.9
2025-08-19 20:00:00,4171.7
2025-08-20 00:00:00,4138.3
2025-08-20 04:00:00,4119.0
2025-08-20 08:00:00,4114.2
2025-08-20 12:00:00,4056.7
2025-08-20 16:00:00,3991.7
2025-08-20 20:00:00,4007.1
2025-08-21 00:00:00,4017.8
2025-08-21 04:00:00,4021.0
2025-08-21 08:00:00,4029.2
2025-08-21 12:00:00,4051.4
2025-08-21 16:00:00,4049.1
2025-08-21 20:00:00,4060.6
2025-08-22 00:00:00,4050.7
2025-08-22 04:00:00,4015.0
2025-08-22 08:00:00,4048.4
2025-08-22 12:00:00,3916.8
2025-08-22 16:00:00,3798.0
2025-08-22 20:00:00,3796.8
2025-08-23 00:00:00,3848.4
2025-08-23 04:00:00,3814.5
2025-08-23 08:00:00,3809.3
2025-08-23 12:00:00,3783.0
2025-08-23 16:00:00,3786.6
2025-08-23 20:00:00,3782.5
2025-08-24 00:00:00,3759.8
2025-08-24 04:00:00,3787.0
2025-08-24 08:00:00,3806.4
2025-08-24 12:00:00,3766.7
2025-08-24 16:00:00,3693.0
2025-08-24 20:00:00,3734.0
2025-08-25 00:00:00,3730.6
2025-08-25 04:00:00,3802.0
2025-08-25 08:00:00,3801.0
2025-08-25 12:00:00,3825.3
2025-08-25 16:00:00,3893.5
2025-08-25 20:00:00,3919.1
2025-08-26 00:00:00,3893.1
2025-08-26 04:00:00,3880.7
2025-08-26 08:00:00,3875.4
2025-08-26 12:00:00,3807.6
2025-08-26 16:00:00,3770.7
2025-08-26 20:00:00,3807.6
2025-08-27 00:00:00,3781.2
2025-08-27 04:00:00,3779.0
2025-08-27 08:00:00,3776.1
2025-08-27 12:00:00,3765.3
2025-08-27 16:00:00,3815.1
2025-08-27 20:00:00,3832.3
2025-08-28 00:00:00,3822.8
2025-08-28 04:00:00,3820.6
2025-08-28 08:00:00,3811.3
2025-08-28 12:00:00,3854.7
2025-08-28 16:00:00,3870.2
2025-08-28 20:00:00,3834.7
2025-08-29 00:00:00,3824.6
2025-08-29 04:00:00,3863.6
2025-08-29 08:00:00,3887.2
2025-08-29 12:00:00,3853.6
2025-08-29 16:00:00,3847.3
2025-08-29 20:00:00,3832.8
2025-08-30 00:00:00,3840.8
2025-08-30 04:00:00,3816.7
2025-08-30 08:00:00,3840.2
2025-08-30 12:00:00,3854.7
2025-08-30 16:00:00,3862.1
2025-08-30 20:00:00,3845.0
2025-08-31 00:00:00,3795.3
2025-08-31 04:00:00,3806.2
2025-08-31 08:00:00,3785.3
2025-08-31 12:00:00,3794.1
2025-08-31 16:00:00,3817.5
2025-08-31 20:00:00,3841.6
2025-09-01 00:00:00,3836.0
2025-09-01 04:00:00,3834.6
2025-09-01 08:00:00,3866.3
2025-09-01 12:00:00,3893.1
2025-09-01 16:00:00,3894.6
2025-09-01 20:00:00,3935.7
2025-09-02 00:00:00,3919.7
2025-09-02 04:00:00,3908.9
2025-09-02 08:00:00,3909.1
2025-09-02 12:00:00,3981.6
2025-09-02 16:00:00,3963.3
2025-09-02 20:00:00,3927.4
2025-09-03 00:00:00,3923.1
2025-09-03 04:00:00,3942.7
2025-09-03 08:00:00,3914.7
2025-09-03 12:00:00,3882.3
2025-09-03 16:00:00,3887.5
2025-09-03 20:00:00,3888.1
2025-09-04 00:00:00,3906.9
2025-09-04 04:00:00,3903.9
2025-09-04 08:00:00,3899.3
2025-09-04 12:00:00,3916.8
2025-09-04 16:00:00,3955.5
2025-09-04 20:00:00,3971.1
2025-09-05 00:00:00,3970.5
2025-09-05 04:00:00,3956.8
2025-09-05 08:00:00,3940.9
2025-09-05 12:00:00,3966.6
2025-09-05 16:00:00,3954.1
2025-09-05 20:00:00,3946.0
2025-09-06 00:00:00,3946.1
2025-09-06 04:00:00,3945.6
2025-09-06 08:00:00,3961.1
2025-09-06 12:00:00,3962.3
2025-09-06 16:00:00,3965.1
2025-09-06 20:00:00,3955.2
2025-09-07 00:00:00,3941.5
2025-09-07 04:00:00,3945.6
2025-09-07 08:00:00,3950.4
2025-09-07 12:00:00,3935.8
2025-09-07 16:00:00,3949.1
2025-09-07 20:00:00,3920.8
2025-09-08 00:00:00,3903.9
2025-09-08 04:00:00,3921.3
2025-09-08 08:00:00,3916.5
2025-09-08 12:00:00,3891.9
2025-09-08 16:00:00,3914.9
2025-09-08 20:00:00,3906.2
2025-09-09 00:00:00,3900.6
2025-09-09 04:00:00,3882.7
2025-09-09 08:00:00,3879.0
2025-09-09 12:00:00,3887.9
2025-09-09 16:00:00,3881.3
2025-09-09 20:00:00,3883.7
2025-09-10 00:00:00,3864.9
2025-09-10 04:00:00,3882.7
2025-09-10 08:00:00,3884.6
2025-09-10 12:00:00,3881.0
2025-09-10 16:00:00,3925.3
2025-09-10 20:00:00,3909.5
2025-09-11 00:00:00,3885.8
2025-09-11 04:00:00,3860.3
2025-09-11 08:00:00,3859.2
2025-09-11 12:00:00,3883.4
2025-09-11 16:00:00,3875.8
2025-09-11 20:00:00,3878.5
2025-09-12 00:00:00,3834.2
2025-09-12 04:00:00,3812.0
2025-09-12 08:00:00,3817.4
2025-09-12 12:00:00,3810.1
2025-09-12 16:00:00,3787.2
2025-09-12 20:00:00,3738.8
2025-09-13 00:00:00,3705.0
2025-09-13 04:00:00,3720.7
2025-09-13 08:00:00,3694.7
2025-09-13 12:00:00,3730.6
2025-09-13 16:00:00,3752.3
2025-09-13 20:00:00,3733.7
2025-09-14 00:00:00,3734.1
2025-09-14 04:00:00,3742.2
2025-09-14 08:00:00,3765.1
2025-09-14 12:00:00,3787.1
2025-09-14 16:00:00,3784.1
2025-09-14 20:00:00,3784.0
2025-09-15 00:00:00,3758.9
2025-09-15 04:00:00,3816.7
2025-09-15 08:00:00,3836.2
2025-09-15 12:00:00,3846.6
2025-09-15 16:00:00,3869.9
2025-09-15 20:00:00,3850.7
2025-09-16 00:00:00,3856.5
2025-09-16 04:00:00,3857.5
2025-09-16 08:00:00,3842.1
2025-09-16 12:00:00,3864.9
2025-09-16 16:00:00,3875.0
2025-09-16 20:00:00,3874.6
2025-09-17 00:00:00,3876.4
2025-09-17 04:00:00,3869.7
2025-09-17 08:00:00,3878.3
2025-09-17 12:00:00,3868.6
2025-09-17 16:00:00,3822.2
2025-09-17 20:00:00,3771.2
2025-09-18 00:00:00,3780.9
2025-09-18 04:00:00,3791.3
2025-09-18 08:00:00,3781.2
2025-09-18 12:00:00,3783.3
2025-09-18 16:00:00,3783.5
2025-09-18 20:00:00,3782.0
2025-09-19 00:00:00,3810.6
2025-09-19 04:00:00,3812.1
2025-09-19 08:00:00,3826.5
2025-09-19 12:00:00,3842.0
2025-09-19 16:00:00,3841.5
2025-09-19 20:00:00,3839.7
2025-09-20 00:00:00,3832.5
2025-09-20 04:00:00,3826.8
2025-09-20 08:00:00,3839.8
2025-09-20 12:00:00,3814.8
2025-09-20 16:00:00,3827.2
2025-09-20 20:00:00,3812.0
2025-09-21 00:00:00,3791.4
2025-09-21 04:00:00,3802.7
2025-09-21 08:00:00,3823.7
2025-09-21 12:00:00,3809.6
2025-09-21 16:00:00,3808.8
2025-09-21 20:00:00,3827.4
2025-09-22 00:00:00,3914.8
2025-09-22 04:00:00,3961.7
2025-09-22 08:00:00,3975.9
2025-09-22 12:00:00,3975.8
2025-09-22 16:00:00,3991.9
2025-09-22 20:00:00,3954.2
2025-09-23 00:00:00,3957.4
2025-09-23 04:00:00,3962.5
2025-09-23 08:00:00,3962.9
2025-09-23 12:00:00,3952.9
2025-09-23 16:00:00,3952.0
2025-09-23 20:00:00,3967.7
2025-09-24 00:00:00,3985.7
2025-09-24 04:00:00,3969.8
2025-09-24 08:00:00,3976.3
2025-09-24 12:00:00,3976.6
2025-09-24 16:00:00,3976.8
2025-09-24 20:00:00,3995.6
2025-09-25 00:00:00,4043.8
2025-09-25 04:00:00,4069.3
2025-09-25 08:00:00,4082.2
2025-09-25 12:00:00,4074.0
2025-09-25 16:00:00,4085.3
2025-09-25 20:00:00,4124.6
2025-09-26 00:00:00,4085.6
2025-09-26 04:00:00,4086.5
2025-09-26 08:00:00,4124.1
2025-09-26 12:00:00,4075.7
2025-09-26 16:00:00,4009.9
2025-09-26 20:00:00,4009.0
2025-09-27 00:00:00,4011.4
2025-09-27 04:00:00,4018.0
2025-09-27 08:00:00,4021.9
2025-09-27 12:00:00,4006.9
2025-09-27 16:00:00,4023.8
2025-09-27 20:00:00,4016.5
2025-09-28 00:00:00,4032.5
2025-09-28 04:00:00,4027.1
2025-09-28 08:00:00,4044.9
2025-09-28 12:00:00,4025.9
2025-09-28 16:00:00,4014.8
2025-09-28 20:00:00,3998.4
2025-09-29 00:00:00,3992.5
2025-09-29 04:00:00,4001.2
2025-09-29 08:00:00,4028.0
2025-09-29 12:00:00,4036.9
2025-09-29 16:00:00,4031.3
2025-09-29 20:00:00,4017.8
2025-09-30 00:00:00,4044.5
2025-09-30 04:00:00,4036.0
2025-09-30 08:00:00,4035.1
2025-09-30 12:00:00,4079.0
2025-09-30 16:00:00,4073.5
2025-09-30 20:00:00,4073.8
2025-10-01 00:00:00,4104.1
2025-10-01 04:00:00,4084.3
2025-10-01 08:00:00,4032.0
2025-10-01 12:00:00,4034.7
2025-10-01 16:00:00,4025.1
2025-10-01 20:00:00,4050.4
2025-10-02 00:00:00,4025.0
2025-10-02 04:00:00,4019.9
2025-10-02 08:00:00,4016.3
2025-10-02 12:00:00,4020.8
2025-10-02 16:00:00,3979.7
2025-10-02 20:00:00,3971.6
2025-10-03 00:00:00,3961.1
2025-10-03 04:00:00,3977.2
2025-10-03 08:00:00,3980.3
2025-10-03 12:00:00,3971.9
2025-10-03 16:00:00,4003.5
2025-10-03 20:00:00,3988.3
2025-10-04 00:00:00,4023.7
2025-10-04 04:00:00,4025.2
2025-10-04 08:00:00,4038.2
2025-10-04 12:00:00,4072.4
2025-10-04 16:00:00,4064.0
2025-10-04 20:00:00,4058.3
2025-10-05 00:00:00,4057.5
2025-10-05 04:00:00,4019.2
2025-10-05 08:00:00,4025.9
2025-10-05 12:00:00,4030.3
2025-10-05 16:00:00,4076.9
2025-10-05 20:00:00,4077.1
2025-10-06 00:00:00,4060.8
2025-10-06 04:00:00,4045.9
2025-10-06 08:00:00,4033.2
2025-10-06 12:00:00,3989.5
2025-10-06 16:00:00,3980.0
2025-10-06 20:00:00,3990.0
2025-10-07 00:00:00,3977.8
2025-10-07 04:00:00,3968.1
2025-10-07 08:00:00,3964.7
2025-10-07 12:00:00,4023.9
2025-10-07 16:00:00,4040.1
2025-10-07 20:00:00,4049.6
2025-10-08 00:00:00,4071.6
2025-10-08 04:00:00,4047.3
2025-10-08 08:00:00,4072.6
2025-10-08 12:00:00,4068.0
2025-10-08 16:00:00,4037.1
2025-10-08 20:00:00,4040.9
2025-10-09 00:00:00,4063.4
2025-10-09 04:00:00,4075.1
2025-10-09 08:00:00,4143.0
2025-10-09 12:00:00,4152.7
2025-10-09 16:00:00,4132.9
2025-10-09 20:00:00,4123.9
2025-10-10 00:00:00,4095.0
2025-10-10 04:00:00,4120.2
2025-10-10 08:00:00,4109.8
2025-10-10 12:00:00,4219.7
2025-10-10 16:00:00,4212.9
2025-10-10 20:00:00,4464.5
2025-10-11 00:00:00,4438.9
2025-10-11 04:00:00,4393.3
2025-10-11 08:00:00,4382.0
2025-10-11 12:00:00,4368.0
2025-10-11 16:00:00,4438.3
2025-10-11 20:00:00,4439.6
2025-10-12 00:00:00,4445.1
2025-10-12 04:00:00,4387.8
2025-10-12 08:00:00,4373.5
2025-10-12 12:00:00,4198.5
2025-10-12 16:00:00,4156.9
2025-10-12 20:00:00,4174.4
2025-10-13 00:00:00,4184.2
2025-10-13 04:00:00,4132.5
2025-10-13 08:00:00,4189.2
2025-10-13 12:00:00,4150.0
2025-10-13 16:00:00,4107.2
2025-10-13 20:00:00,4083.4
2025-10-14 00:00:00,4102.1
2025-10-14 04:00:00,4238.1
2025-10-14 08:00:00,4232.4
2025-10-14 12:00:00,4178.0
2025-10-14 16:00:00,4173.1
2025-10-14 20:00:00,4161.0
2025-10-15 00:00:00,4155.5
2025-10-15 04:00:00,4146.1
2025-10-15 08:00:00,4151.6
2025-10-15 12:00:00,4211.5
2025-10-15 16:00:00,4248.1
2025-10-15 20:00:00,4229.5
2025-10-16 00:00:00,4225.2
2025-10-16 04:00:00,4202.8
2025-10-16 08:00:00,4184.5
2025-10-16 12:00:00,4244.0
2025-10-16 16:00:00,4260.2
2025-10-16 20:00:00,4254.0
2025-10-17 00:00:00,4249.3
2025-10-17 04:00:00,4339.9
2025-10-17 08:00:00,4297.2
2025-10-17 12:00:00,4323.3
2025-10-17 16:00:00,4302.1
2025-10-17 20:00:00,4294.7
2025-10-18 00:00:00,4264.1
2025-10-18 04:00:00,4209.7
2025-10-18 08:00:00,4231.7
2025-10-18 12:00:00,4248.5
2025-10-18 16:00:00,4224.2
2025-10-18 20:00:00,4238.8
2025-10-19 00:00:00,4230.3
2025-10-19 04:00:00,4239.4
2025-10-19 08:00:00,4219.7
2025-10-19 12:00:00,4188.0
2025-10-19 16:00:00,4213.2
2025-10-19 20:00:00,4215.1
2025-10-20 00:00:00,4210.0
2025-10-20 04:00:00,4221.2
2025-10-20 08:00:00,4236.4
2025-10-20 12:00:00,4263.7
2025-10-20 16:00:00,4253.1
2025-10-20 20:00:00,4256.0
2025-10-21 00:00:00,4270.5
2025-10-21 04:00:00,4259.2
2025-10-21 08:00:00,4270.1
2025-10-21 12:00:00,4266.7
2025-10-21 16:00:00,4289.4
2025-10-21 20:00:00,4290.7
2025-10-22 00:00:00,4289.0
2025-10-22 04:00:00,4291.8
2025-10-22 08:00:00,4288.6
2025-10-22 12:00:00,4308.4
2025-10-22 16:00:00,4333.7
2025-10-22 20:00:00,4331.9
2025-10-23 00:00:00,4324.5
2025-10-23 04:00:00,4292.3
2025-10-23 08:00:00,4320.9
2025-10-23 12:00:00,4302.9
2025-10-23 16:00:00,4331.8
2025-10-23 20:00:00,4327.1
2025-10-24 00:00:00,4318.2
2025-10-24 04:00:00,4298.7
2025-10-24 08:00:00,4293.0
2025-10-24 12:00:00,4304.7
2025-10-24 16:00:00,4285.3
2025-10-24 20:00:00,4294.7
2025-10-25 00:00:00,4291.3
2025-10-25 04:00:00,4304.0
2025-10-25 08:00:00,4300.4
2025-10-25 12:00:00,4291.3
2025-10-25 16:00:00,4273.8
2025-10-25 20:00:00,4283.2
2025-10-26 00:00:00,4282.4
2025-10-26 04:00:00,4274.4
2025-10-26 08:00:00,4255.5
2025-10-26 12:00:00,4245.7
2025-10-26 16:00:00,4262.3
2025-10-26 20:00:00,4230.8
2025-10-27 00:00:00,4205.7
2025-10-27 04:00:00,4236.1
2025-10-27 08:00:00,4242.9
2025-10-27 12:00:00,4238.2
2025-10-27 16:00:00,4222.4
2025-10-27 20:00:00,4248.9
2025-10-28 00:00:00,4249.1
2025-10-28 04:00:00,4243.4
2025-10-28 08:00:00,4256.5
2025-10-28 12:00:00,4278.4
2025-10-28 16:00:00,4288.0
2025-10-28 20:00:00,4322.2
2025-10-29 00:00:00,4299.7
2025-10-29 04:00:00,4302.1
2025-10-29 08:00:00,4277.8
2025-10-29 12:00:00,4272.4
2025-10-29 16:00:00,4267.2
2025-10-29 20:00:00,4251.4
2025-10-30 00:00:00,4243.1
2025-10-30 04:00:00,4266.2
2025-10-30 08:00:00,4270.0
2025-10-30 12:00:00,4333.1
2025-10-30 16:00:00,4381.6
2025-10-30 20:00:00,4338.6
2025-10-31 00:00:00,4344.7
2025-10-31 04:00:00,4334.7
2025-10-31 08:00:00,4331.3
2025-10-31 12:00:00,4330.5
2025-10-31 16:00:00,4292.6
2025-10-31 20:00:00,4317.2
2025-11-01 00:00:00,4328.1
2025-11-01 04:00:00,4327.3
2025-11-01 08:00:00,4319.2
2025-11-01 12:00:00,4319.8
2025-11-01 16:00:00,4323.9
2025-11-01 20:00:00,4316.4
2025-11-02 00:00:00,4323.8
2025-11-02 04:00:00,4318.1
2025-11-02 08:00:00,4345.2
2025-11-02 12:00:00,4359.6
2025-11-02 16:00:00,4365.5
2025-11-02 20:00:00,4320.1
2025-11-03 00:00:00,4410.0
2025-11-03 04:00:00,4420.7
2025-11-03 08:00:00,4455.2
2025-11-03 12:00:00,4532.0
2025-11-03 16:00:00,4554.1
2025-11-03 20:00:00,4560.5
2025-11-04 00:00:00,4526.3
2025-11-04 04:00:00,4626.2
2025-11-04 08:00:00,4562.0
2025-11-04 12:00:00,4530.6
2025-11-04 16:00:00,4678.0
2025-11-04 20:00:00,4650.2
2025-11-05 00:00:00,4609.5
2025-11-05 04:00:00,4599.6
2025-11-05 08:00:00,4613.8
2025-11-05 12:00:00,4596.0
2025-11-05 16:00:00,4561.3
2025-11-05 20:00:00,4567.9
2025-11-06 00:00:00,4549.6
2025-11-06 04:00:00,4597.8
2025-11-06 08:00:00,4596.5
2025-11-06 12:00:00,4661.8
2025-11-06 16:00:00,4605.2
2025-11-06 20:00:00,4602.3
2025-11-07 00:00:00,4576.9
2025-11-07 04:00:00,4556.5
2025-11-07 08:00:00,4610.6
2025-11-07 12:00:00,4571.5
2025-11-07 16:00:00,4463.9
2025-11-07 20:00:00,4485.9
2025-11-08 00:00:00,4438.9
2025-11-08 04:00:00,4439.3
2025-11-08 08:00:00,4459.0
2025-11-08 12:00:00,4507.5
2025-11-08 16:00:00,4496.2
2025-11-08 20:00:00,4488.5
2025-11-09 00:00:00,4519.6
2025-11-09 04:00:00,4465.9
2025-11-09 08:00:00,4479.4
2025-11-09 12:00:00,4458.9
2025-11-09 16:00:00,4433.5
2025-11-09 20:00:00,4435.6
2025-11-10 00:00:00,4409.8
2025-11-10 04:00:00,4432.4
2025-11-10 08:00:00,4403.7
2025-11-10 12:00:00,4437.7
2025-11-10 16:00:00,4434.1
2025-11-10 20:00:00,4438.0
2025-11-11 00:00:00,4415.3
2025-11-11 04:00:00,4459.3
2025-11-11 08:00:00,4457.0
2025-11-11 12:00:00,4450.5
2025-11-11 16:00:00,4486.3
2025-11-11 20:00:00,4531.8
2025-11-12 00:00:00,4520.0
2025-11-12 04:00:00,4529.0
2025-11-12 08:00:00,4483.6
2025-11-12 12:00:00,4498.6
2025-11-12 16:00:00,4494.3
2025-11-12 20:00:00,4482.0
2025-11-13 00:00:00,4434.9
2025-11-13 04:00:00,4430.8
2025-11-13 08:00:00,4424.1
2025-11-13 12:00:00,4465.2
2025-11-13 16:00:00,4589.6
2025-11-13 20:00:00,4587.3
2025-11-14 00:00:00,4572.0
2025-11-14 04:00:00,4497.2
2025-11-14 08:00:00,4534.7
2025-11-14 12:00:00,4492.4
2025-11-14 16:00:00,4434.9
2025-11-14 20:00:00,4499.8
2025-11-15 00:00:00,4485.6
2025-11-15 04:00:00,4480.7
2025-11-15 08:00:00,4501.0
2025-11-15 12:00:00,4486.1
2025-11-15 16:00:00,4465.7
2025-11-15 20:00:00,4484.7
2025-11-16 00:00:00,4457.0
2025-11-16 04:00:00,4442.0
2025-11-16 08:00:00,4488.1
2025-11-16 12:00:00,4520.2
2025-11-16 16:00:00,4508.6
2025-11-16 20:00:00,4508.9
2025-11-17 00:00:00,4471.6
2025-11-17 04:00:00,4459.8
2025-11-17 08:00:00,4444.2
2025-11-17 12:00:00,4486.1
2025-11-17 16:00:00,4551.2
2025-11-17 20:00:00,4516.8
2025-11-18 00:00:00,4441.0
2025-11-18 04:00:00,4412.5
2025-11-18 08:00:00,4425.0
2025-11-18 12:00:00,4430.4
2025-11-18 16:00:00,4392.8
2025-11-18 20:00:00,4407.8
2025-11-19 00:00:00,4417.9
2025-11-19 04:00:00,4411.7
2025-11-19 08:00:00,4415.8
2025-11-19 12:00:00,4480.3
2025-11-19 16:00:00,4545.0
2025-11-19 20:00:00,4496.9
2025-11-20 00:00:00,4490.6
2025-11-20 04:00:00,4476.8
2025-11-20 08:00:00,4489.7
2025-11-20 12:00:00,4473.7
2025-11-20 16:00:00,4472.5
2025-11-20 20:00:00,4481.4
2025-11-21 00:00:00,4477.4
2025-11-21 04:00:00,4533.2
2025-11-21 08:00:00,4525.8
2025-11-21 12:00:00,4520.3
2025-11-21 16:00:00,4520.7
2025-11-21 20:00:00,4551.2
2025-11-22 00:00:00,4532.2
2025-11-22 04:00:00,4537.6
2025-11-22 08:00:00,4553.8
2025-11-22 12:00:00,4559.4
2025-11-22 16:00:00,4555.0
2025-11-22 20:00:00,4536.6
2025-11-23 00:00:00,4516.9
2025-11-23 04:00:00,4527.5
2025-11-23 08:00:00,4528.2
2025-11-23 12:00:00,4517.2
2025-11-23 16:00:00,4537.0
2025-11-23 20:00:00,4553.9
2025-11-24 00:00:00,4510.7
2025-11-24 04:00:00,4533.2
2025-11-24 08:00:00,4532.2
2025-11-24 12:00:00,4485.4
2025-11-24 16:00:00,4403.8
2025-11-24 20:00:00,4417.3
2025-11-25 00:00:00,4426.9
2025-11-25 04:00:00,4434.2
2025-11-25 08:00:00,4452.3
2025-11-25 12:00:00,4447.0
2025-11-25 16:00:00,4409.6
2025-11-25 20:00:00,4375.5
2025-11-26 00:00:00,4400.5
2025-11-26 04:00:00,4409.1
2025-11-26 08:00:00,4422.4
2025-11-26 12:00:00,4400.4
2025-11-26 16:00:00,4395.3
2025-11-26 20:00:00,4432.1
2025-11-27 00:00:00,4461.0
2025-11-27 04:00:00,4477.2
2025-11-27 08:00:00,4498.0
2025-11-27 12:00:00,4474.4
2025-11-27 16:00:00,4476.1
2025-11-27 20:00:00,4498.7
2025-11-28 00:00:00,4514.5
2025-11-28 04:00:00,4509.2
2025-11-28 08:00:00,4504.0
2025-11-28 12:00:00,4485.8
2025-11-28 16:00:00,4499.4
2025-11-28 20:00:00,4500.4
2025-11-29 00:00:00,4497.9
2025-11-29 04:00:00,4513.3
2025-11-29 08:00:00,4505.1
2025-11-29 12:00:00,4518.9
2025-11-29 16:00:00,4534.7
2025-11-29 20:00:00,4541.5
2025-11-30 00:00:00,4528.4
2025-11-30 04:00:00,4532.3
2025-11-30 08:00:00,4542.5
2025-11-30 12:00:00,4520.9
2025-11-30 16:00:00,4516.8
2025-11-30 20:00:00,4546.6
2025-12-01 00:00:00,4592.8
2025-12-01 04:00:00,4587.6
2025-12-01 08:00:00,4586.1
2025-12-01 12:00:00,4606.9
2025-12-01 16:00:00,4645.0
2025-12-01 20:00:00,4623.1
2025-12-02 00:00:00,4653.3
2025-12-02 04:00:00,4652.4
2025-12-02 08:00:00,4629.8
2025-12-02 12:00:00,4546.2
2025-12-02 16:00:00,4573.9
2025-12-02 20:00:00,4568.7
2025-12-03 00:00:00,4588.2
2025-12-03 04:00:00,4552.3
2025-12-03 08:00:00,4553.7
2025-12-03 12:00:00,4523.0
2025-12-03 16:00:00,4510.2
2025-12-03 20:00:00,4464.7
2025-12-04 00:00:00,4461.7
2025-12-04 04:00:00,4479.9
2025-12-04 08:00:00,4474.2
2025-12-04 12:00:00,4458.3
2025-12-04 16:00:00,4515.0
2025-12-04 20:00:00,4508.1
2025-12-05 00:00:00,4484.0
2025-12-05 04:00:00,4483.0
2025-12-05 08:00:00,4507.7
2025-12-05 12:00:00,4481.5
2025-12-05 16:00:00,4525.9
2025-12-05 20:00:00,4523.3
2025-12-06 00:00:00,4518.7
2025-12-06 04:00:00,4538.5
2025-12-06 08:00:00,4524.8
2025-12-06 12:00:00,4523.0
2025-12-06 16:00:00,4524.7
2025-12-06 20:00:00,4499.2
2025-12-07 00:00:00,4486.5
2025-12-07 04:00:00,4506.3
2025-12-07 08:00:00,4503.8
2025-12-07 12:00:00,4522.0
2025-12-07 16:00:00,4490.7
2025-12-07 20:00:00,4543.4
2025-12-08 00:00:00,4511.2
2025-12-08 04:00:00,4502.0
2025-12-08 08:00:00,4502.8
2025-12-08 12:00:00,4456.2
2025-12-08 16:00:00,4461.8
2025-12-08 20:00:00,4484.1
2025-12-09 00:00:00,4474.4
2025-12-09 04:00:00,4491.8
2025-12-09 08:00:00,4486.2
2025-12-09 12:00:00,4448.6
2025-12-09 16:00:00,4405.6
2025-12-09 20:00:00,4412.0
2025-12-10 00:00:00,4423.0
2025-12-10 04:00:00,4426.7
2025-12-10 08:00:00,4423.3
2025-12-10 12:00:00,4416.4
2025-12-10 16:00:00,4393.3
2025-12-10 20:00:00,4425.1
2025-12-11 00:00:00,4485.8
2025-12-11 04:00:00,4484.0
2025-12-11 08:00:00,4491.9
2025-12-11 12:00:00,4487.5
2025-12-11 16:00:00,4497.7
2025-12-11 20:00:00,4518.5
2025-12-12 00:00:00,4499.4
2025-12-12 04:00:00,4496.6
2025-12-12 08:00:00,4501.2
2025-12-12 12:00:00,4557.1
2025-12-12 16:00:00,4569.2
2025-12-12 20:00:00,4554.5
2025-12-13 00:00:00,4542.7
2025-12-13 04:00:00,4537.7
2025-12-13 08:00:00,4508.3
2025-12-13 12:00:00,4501.8
2025-12-13 16:00:00,4517.9
2025-12-13 20:00:00,4513.7
